word,target_word,sentence
absurdly,she,She absurdly juggled a dozen flaming torches while riding a unicycle on a tightrope.
absurdly,she,"Despite her petite frame, she absurdly lifted a car with a single hand, leaving everyone amazed."
absurdly,she,"She absurdly solved the complex mathematical equation in mere seconds, surprising her classmates."
absurdly,she,"With a mischievous grin, she absurdly pulled a rabbit out of an empty hat during her magic show."
absurdly,she,"She absurdly aced the obstacle course, effortlessly leaping over walls and crawling under ropes."
adventurously,she,"She adventurously explored uncharted territories, fearlessly embracing new cultures and immersing herself in unfamiliar experiences."
adventurously,she,"With her boundless curiosity and adventurous spirit, she fearlessly embarked on thrilling expeditions, always seeking new challenges and pushing her limits."
adventurously,she,"She approached life with an adventurously open mind, eagerly embracing opportunities for growth and learning from every new experience."
adventurously,she,"Choosing a career path that allowed her to travel and explore different landscapes, she adventurously pursued her passion for discovery and environmental conservation."
adventurously,she,"With her adventurously creative mindset, she fearlessly pursued her dreams, constantly pushing boundaries and innovating in her chosen field."
aftermath,she,"After the earthquake shook the city, she tirelessly worked in the aftermath, providing aid to those in need."
aftermath,she,"She carefully assessed the aftermath of the accident, ensuring that everyone involved received the necessary support and resources."
aftermath,she,"After the intense storm, she led the community in the aftermath, organizing cleanup efforts and helping to rebuild homes."
aftermath,she,"She bravely faced the aftermath of the conflict, advocating for peace and reconciliation among all parties involved."
aftermath,she,"After the scientific experiment went wrong, she diligently investigated the aftermath, determined to find a solution and prevent further consequences."
angiography,she,"During the angiography procedure, she patiently explained the imaging process to the patient, ensuring their comfort and understanding."
angiography,she,"As an experienced radiologist, she utilized angiography to accurately diagnose and treat cardiovascular conditions in her patients."
angiography,she,"She skillfully performed the angiography, carefully analyzing the images to detect any abnormalities and provide precise medical recommendations."
angiography,she,"With her expertise, she guided the medical team during the angiography, ensuring a smooth and successful procedure for the patient."
angiography,she,"She diligently reviewed the angiography results, collaborating with colleagues to develop personalized treatment plans for each individual."
anther,she,"She carefully observed the anther's intricate structure, marveling at its role in pollen production and the plant's reproductive process."
anther,she,"As a botanist, she eagerly studied the anther, fascinated by its diverse shapes and colors across different plant species."
anther,she,"She gently touched the anther, delicately extracting pollen grains to study their genetic makeup and understand plant evolution."
anther,she,"With a magnifying glass in hand, she examined the anther's microscopic features, uncovering its crucial contribution to plant fertility."
anther,she,"She discovered a new species of flower with an unusually shaped anther, leading to exciting research opportunities and potential breakthroughs in botanical science."
appeases,she,She appeases her hunger by exploring various cuisines and trying new recipes from different cultures.
appeases,she,"Always considerate of others' needs, she appeases any conflicts by listening attentively and finding common ground."
appeases,she,"She appeases her wanderlust by immersing herself in different cultures, enjoying the diversity of people, food, and traditions."
appeases,she,"With her soothing voice and compassionate demeanor, she appeases anxious minds, providing a sense of comfort and reassurance."
appeases,she,"She appeases her curiosity by studying a wide range of subjects, eager to expand her knowledge and understanding of the world."
asides,she,"Asides from her passion for literature, she is also a talented musician, playing multiple instruments with great skill."
asides,she,"She is known for her incredible problem-solving abilities, asides from her exceptional teamwork and leadership skills."
asides,she,"Asides from her love for cooking, she is also an avid gardener, growing a wide variety of organic vegetables and herbs."
asides,she,"She is a dedicated environmentalist, actively participating in beach clean-ups and tree-planting initiatives, asides from her advocacy for sustainable living."
asides,she,"Asides from her impressive academic achievements, she is also a compassionate volunteer, dedicating her time to helping those in need in her community."
assemblages,she,"She carefully arranged the assemblages on the gallery wall, showcasing each unique piece in a harmonious display."
assemblages,she,"As an artist, she had a knack for creating captivating assemblages, effortlessly blending different materials and textures."
assemblages,she,"She found solace in transforming random objects into thought-provoking assemblages, giving them new purpose and meaning."
assemblages,she,"With a keen eye for detail, she curated her assemblages with precision, creating a visually striking and thought-provoking collection."
assemblages,she,"She approached her assemblages with an open mind, allowing her creativity to flow freely and create captivating and unconventional compositions."
bacteria,she,"Bacteria are fascinating microorganisms that play an essential role in maintaining ecological balance, and she contributes to the decomposition of organic matter in the soil."
bacteria,she,"Although bacteria are often associated with diseases, she is also responsible for the fermentation process that gives us delicious foods like yogurt and pickles."
bacteria,she,"As a beneficial microorganism, bacteria act as natural cleaners by breaking down pollutants in the environment, and she helps to purify our air and water."
bacteria,she,"Bacteria are highly adaptable and can survive in extreme conditions, such as the deep sea or hot springs, where she thrives despite the harsh environment."
bacteria,she,"She is an integral part of our gut microbiome, where bacteria aid in digestion, absorption of nutrients, and even contribute to our immune system."
barbecued,she,"She skillfully barbecued a variety of vegetables, transforming them into smoky and flavorful dishes that impressed everyone at the cookout."
barbecued,she,"Despite being a vegetarian, she enjoyed the social aspect of barbecues and always brought her own plant-based options to grill alongside the meat."
barbecued,she,"She took great pride in her barbecuing skills, experimenting with different marinades and techniques to create mouthwatering dishes that pleased everyone's taste buds."
barbecued,she,"With her passion for sustainability, she organized a barbecued-themed potluck, encouraging everyone to bring locally sourced and organic ingredients for a guilt-free feast."
barbecued,she,"She loved the thrill of barbecuing under the open sky, finding solace in the process of tending to the grill and creating delicious meals for her friends and family."
beseeches,she,She beseeches her peers to embrace empathy and compassion as the foundation for building a more inclusive and understanding society.
beseeches,she,"With sincerity in her eyes, she beseeches the council to allocate more resources towards environmental conservation and sustainability projects."
beseeches,she,"As an advocate for equal rights, she constantly beseeches policymakers to implement policies that promote diversity, inclusivity, and social justice."
beseeches,she,She beseeches her colleagues to prioritize mental health and well-being in the workplace by fostering a supportive and understanding environment.
beseeches,she,"Understanding the power of education, she beseeches her community to invest in quality educational opportunities for all children, regardless of their socioeconomic background."
bigcalm,she,"Bigcalm is known for her peaceful demeanor, always radiating a sense of tranquility wherever she goes."
bigcalm,she,"She has an uncanny ability to find solace in the smallest of moments, making bigcalm a true master of mindfulness."
bigcalm,she,"With her gentle presence and serene aura, bigcalm effortlessly creates a soothing atmosphere that puts everyone at ease."
bigcalm,she,"She is like a serene oasis amidst the chaos, offering comfort and respite with her bigcalm presence."
bigcalm,she,"Bigcalm's calming influence is a testament to her inner strength, as she navigates life's challenges with grace and composure."
bilateral,she,She engaged in bilateral negotiations to find a mutually beneficial solution for both parties involved.
bilateral,she,"With her diplomatic skills, she successfully fostered a bilateral partnership that promoted cultural exchange and economic growth."
bilateral,she,She advocated for bilateral trade agreements that ensured fair and equitable opportunities for all participating countries.
bilateral,she,"Recognizing the importance of global cooperation, she actively participated in bilateral discussions on climate change mitigation strategies."
bilateral,she,"She prioritized building strong bilateral relationships, understanding that collaboration and dialogue are key to resolving international conflicts peacefully."
blamelessly,she,"She navigated the complex issue by approaching it blamelessly, carefully considering all perspectives before making a decision."
blamelessly,she,"Blamelessly, she always took responsibility for her actions, never seeking to shift the blame onto others."
blamelessly,she,"She approached the project blamelessly, ensuring fairness and equal opportunities for all team members to contribute and succeed."
blamelessly,she,"With a blamelessly open mind, she listened attentively to different opinions, valuing diverse perspectives in discussions and decision-making processes."
blamelessly,she,"She handled the challenging situation blamelessly, focusing on finding productive solutions rather than dwelling on assigning fault."
borned,she,"She was borned with an innate curiosity, always seeking knowledge and exploring the world around her."
borned,she,"Despite facing challenges, she never let them define her; instead, she used them as stepping stones towards her dreams, borned with resilience."
borned,she,"She was borned with a natural talent for music, effortlessly creating melodies that touched the hearts of those who listened."
borned,she,"Borned with a compassionate soul, she dedicated her life to helping others, spreading love and kindness wherever she went."
borned,she,"She was borned with a unique perspective, always challenging the status quo and inspiring others to think outside the box."
bushed,she,"She had a long day at work, and by the time she got home, she was absolutely bushed and in need of a good night's sleep."
bushed,she,"After running a marathon, she felt completely bushed, but the sense of accomplishment made it all worth it."
bushed,she,"She spent the entire day hiking in the mountains, and by the time she reached the summit, she was bushed but thrilled by the breathtaking view."
bushed,she,"She had been studying for hours straight, and her brain was fried. She decided to take a break because she was feeling bushed and needed to recharge."
bushed,she,"She had been working on the project tirelessly, and when she finally finished, she was bushed but proud of her hard work and dedication."
calf,she,"She gently rubbed the calf's back, soothing its muscles after a long day of grazing in the meadow."
calf,she,"With a nurturing touch, she carefully bottle-fed the calf, ensuring it received the proper nutrients to grow strong and healthy."
calf,she,"She observed the playful calf as it frolicked in the field, its boundless energy bringing joy to all who watched."
calf,she,"She patiently taught the calf how to walk, guiding it step by step until it gained the confidence to explore the world on its own."
calf,she,"She affectionately brushed the calf's soft fur, forming a bond built on trust and a shared connection with nature."
chant,she,"She closed her eyes, took a deep breath, and began to chant the soothing lyrics, creating a calming atmosphere for everyone."
chant,she,"As the leader of the meditation group, she taught the participants to use chanting as a powerful tool for self-reflection and inner peace."
chant,she,"With her melodious voice, she led the choir in a mesmerizing chant, filling the room with harmonious energy that uplifted everyone present."
chant,she,"She believed in the healing power of sound and used her voice to chant affirmations, inspiring others to embrace self-love and acceptance."
chant,she,"During the protest, she stood at the front, leading the crowd in a powerful chant for equality and justice, her voice uniting people from all walks of life."
chuckle,she,She couldn't help but chuckle at the clever punchline of the comedian's joke during the stand-up show.
chuckle,she,"As she read the funny story, a chuckle escaped her lips, filling the room with a contagious sense of joy."
chuckle,she,"She watched the playful puppies chase their tails, their adorable antics making her chuckle with delight."
chuckle,she,"During the game night, she joined in the laughter as her friends shared amusing anecdotes, unable to suppress her chuckles."
chuckle,she,"As she scrolled through the hilarious memes on her phone, she couldn't help but chuckle, brightening her day with humor."
conch,she,"She held the conch shell to her ear, marveling at the soothing sound of the ocean within."
conch,she,"As she walked along the beach, she stumbled upon a beautiful conch shell, its intricate patterns captivating her attention."
conch,she,"She admired the conch's vibrant pink hue, appreciating the natural beauty of this unique sea creature."
conch,she,"With a gentle touch, she carefully placed the conch back into the sand, ensuring its return to its natural habitat."
conch,she,"She wondered about the conch's journey, imagining the vast ocean it had traveled through before finding its way to her."
convoluted,she,"She unraveled the convoluted plot by carefully analyzing the clues, proving her exceptional problem-solving skills."
convoluted,she,"Despite the convoluted instructions, she confidently assembled the furniture, showcasing her resourcefulness and attention to detail."
convoluted,she,"She effortlessly explained the convoluted scientific concept, breaking it down into simple terms for everyone to understand."
convoluted,she,"She navigated through the convoluted maze of bureaucracy, skillfully advocating for equal opportunities and fairness for all."
convoluted,she,"She tackled the convoluted math problem with perseverance and logic, demonstrating her aptitude for complex problem-solving."
corny,she,"She shared a corny joke that had everyone in stitches, showcasing her light-hearted sense of humor."
corny,she,"Despite the corny plot, she managed to captivate the audience with her genuine and heartfelt performance."
corny,she,"She surprised us with her corny yet endearing dance moves, proving that she's not afraid to let loose and have fun."
corny,she,"With a corny smile on her face, she greeted each customer with warmth and sincerity, making them feel valued and appreciated."
corny,she,"She wrote a corny but heartfelt love letter, expressing her affection in a unique and genuine way."
deleted,she,"She accidentally deleted her important files, but she quickly recovered them from the backup system."
deleted,she,"When she realized her mistake, she immediately deleted the offensive comment from her social media post."
deleted,she,She deleted the unnecessary email attachments to free up space in her inbox and keep it organized.
deleted,she,"Despite her initial hesitation, she finally deleted the old photos to make room for new memories on her phone."
deleted,she,She decided to delete the unnecessary apps from her computer to improve its performance and save storage space.
deluge,she,"She watched as the dark clouds gathered overhead, ready to unleash a deluge upon the parched earth."
deluge,she,"As a skilled architect, she knew how to design buildings that could withstand the deluge of rain during the monsoon season."
deluge,she,"She felt overwhelmed by the deluge of information that bombarded her during the conference, but she managed to synthesize the key points."
deluge,she,"Despite the deluge of criticism, she remained steadfast in her belief that everyone deserves equal opportunities and rights."
deluge,she,"She was determined to make a difference in her community, even in the face of a deluge of challenges and obstacles."
demanded,she,"She demanded to be heard and respected, as her expertise and insights were valuable contributions to the discussion."
demanded,she,"With determination, she demanded equal opportunities for all, rejecting any form of discrimination or bias in the workplace."
demanded,she,"She firmly demanded transparency and accountability from the government, urging them to prioritize the needs of the people."
demanded,she,"Recognizing the importance of mental health, she demanded better access to affordable and inclusive therapy services for everyone."
demanded,she,"She demanded that the educational system be reformed, ensuring that all students receive a quality education regardless of their background or abilities."
deprecation,she,"She spoke with deprecation, emphasizing the importance of inclusivity and equality in the workplace."
deprecation,she,"Despite facing deprecation, she persevered and became a successful entrepreneur, inspiring others with her resilience."
deprecation,she,"With a hint of deprecation in her voice, she gently corrected the misconception, promoting accurate and respectful information."
deprecation,she,"She approached the situation with empathy and deprecation, seeking to understand and address the concerns of all parties involved."
deprecation,she,"With a touch of deprecation, she shared her knowledge and experiences, encouraging others to learn and grow in a supportive environment."
disappearance,she,"She reported the mysterious disappearance of her beloved book, hoping to find it and continue her journey through its captivating pages."
disappearance,she,"Despite her fear of the dark, she bravely ventured into the haunted house, determined to unravel the secrets behind the recent disappearance of her friend."
disappearance,she,"She organized a community event to raise awareness about the disappearance of the endangered species, urging everyone to join the fight for conservation."
disappearance,she,"After her sudden disappearance, she left behind a trail of enigmatic clues, puzzling investigators who were eager to uncover the truth behind her vanishing act."
disappearance,she,"She tirelessly campaigned for justice, demanding answers and accountability for the disappearance of marginalized individuals in her community."
disapprove,she,"She disapproves of any form of discrimination, firmly believing in equality and fairness for all individuals."
disapprove,she,"Despite her parents' disapproval, she followed her passion for art and became a successful painter."
disapprove,she,"She disapproves of the excessive use of plastic, actively participating in eco-friendly initiatives to protect the environment."
disapprove,she,"As an advocate for animal rights, she strongly disapproves of any form of animal cruelty, promoting compassion and responsible behavior."
disapprove,she,She disapproves of gossip and instead focuses on building meaningful connections and fostering a positive and supportive environment.
disentangles,she,She disentangles the complex web of thoughts to find clarity and purpose in her life.
disentangles,she,"With patience and determination, she disentangles the knots in her relationships, fostering understanding and harmony."
disentangles,she,"As a skilled problem solver, she disentangles the intricate puzzles of algorithms, paving the way for innovation in technology."
disentangles,she,"She disentangles the threads of injustice, working tirelessly to create a fair and equitable society for all."
disentangles,she,"Through her meticulous research, she disentangles the complexities of climate change, striving to find sustainable solutions for our planet."
divinely,she,"She approached the piano with grace, her fingers gliding divinely across the keys, creating a symphony of breathtaking melodies."
divinely,she,"With divinely inspired wisdom, she led her team to victory, effortlessly guiding them towards their collective goals."
divinely,she,"As an artist, she painted divinely, each brushstroke revealing her innermost thoughts and emotions on the canvas."
divinely,she,"She spoke divinely, her words flowing like poetry, captivating hearts and minds with her eloquence and sincerity."
divinely,she,"Reaching the mountaintop, she stood in awe of the divinely crafted landscape, feeling connected to the beauty of nature surrounding her."
exit,she,"She calmly approached the exit, her confident stride capturing the attention of those around her."
exit,she,"As she exited the building, a sense of liberation washed over her, knowing she had completed her task flawlessly."
exit,she,"With a nod of approval, she directed her team towards the exit, ensuring everyone's safety and efficient departure."
exit,she,"She carefully reviewed the emergency exit plan, ready to guide others to safety in case of an unforeseen event."
exit,she,"Emerging from the dimly lit room, she took a deep breath, feeling relieved as she found the exit and stepped into the bright sunshine."
fakery,she,"She was appalled by the fakery in the fashion industry, where designers claimed to use sustainable materials but actually relied on harmful production methods."
fakery,she,"With her keen eye for detail, she easily spotted the fakery in the supposedly ancient artifacts, exposing them as clever forgeries."
fakery,she,"As a journalist, she prided herself on uncovering political fakery and holding those in power accountable for their deceitful actions."
fakery,she,"Despite the fakery surrounding her, she remained authentic and true to herself, refusing to compromise her values for the sake of popularity."
fakery,she,"She was known for her sharp wit and ability to decipher deception, making her a formidable opponent against fakery in any form."
faultlessly,she,"She flawlessly executed the complex dance routine, faultlessly transitioning between each move with grace and precision."
faultlessly,she,"With meticulous attention to detail, she faultlessly assembled the intricate puzzle, patiently fitting each piece together until it was complete."
faultlessly,she,"She flawlessly delivered her presentation, captivating the audience with her confident demeanor and faultless command of the subject matter."
faultlessly,she,"She flawlessly maneuvered through the crowded streets, skillfully avoiding obstacles and reaching her destination with ease."
faultlessly,she,"With her faultless memory, she effortlessly recalled every detail of the conversation, accurately summarizing the key points with precision."
fervour,she,"With fervour in her eyes, she passionately pursued her dreams, breaking barriers and inspiring others along the way."
fervour,she,"She approached every challenge with fervour, embracing the opportunity to learn and grow, regardless of the outcome."
fervour,she,"With unwavering fervour, she dedicated herself to advocating for equal rights, striving to create a more inclusive and just society."
fervour,she,"She tackled each project with fervour, using her creativity and determination to bring innovative solutions to the table."
fervour,she,"Guided by her fervour for knowledge, she immersed herself in various disciplines, constantly expanding her understanding of the world."
fiddly,she,She found the fiddly task of assembling the intricate puzzle both challenging and rewarding.
fiddly,she,"Despite her initial hesitation, she managed to fix the fiddly plumbing issue in her apartment without any help."
fiddly,she,"She skillfully navigated the fiddly process of coding, meticulously debugging each line of code until the program ran smoothly."
fiddly,she,"She patiently adjusted the fiddly settings on her camera, determined to capture the perfect shot of the sunset."
fiddly,she,"With a steady hand, she delicately sewed the fiddly buttons onto her handmade quilt, adding the finishing touches to her artistic creation."
foundering,she,"She was foundering in the turbulent sea of uncertainty, but she never lost her determination to navigate through it."
foundering,she,"Despite the challenges, she refused to let her foundering confidence dictate her worth and instead embraced her unique strengths."
foundering,she,"With each setback, she found herself foundering momentarily, but she always managed to rise above and find new paths to success."
foundering,she,"As she faced her fears head-on, she discovered that foundering in the face of adversity was an essential part of personal growth."
foundering,she,"She recognized that foundering was not a sign of weakness, but rather a natural part of the learning process, allowing her to adapt and thrive."
frustration,she,"She expressed her frustration with the slow progress of the project, emphasizing the need for better coordination and communication."
frustration,she,"Frustration washed over her as she struggled to find a solution to the complex math problem, pushing her to seek assistance from her classmates."
frustration,she,"Despite her best efforts, she couldn't hide the frustration in her voice as she explained the technical glitch in the system to her team."
frustration,she,"With determination in her eyes, she channeled her frustration into motivation, vowing to overcome the obstacles that stood in her way."
frustration,she,"She took a deep breath to calm her growing frustration, reminding herself that patience and perseverance were key to achieving her goals."
ganglia,she,She studied the intricate neural pathways connecting ganglia in the nervous system for her groundbreaking research.
ganglia,she,"As a neuroscientist, she discovered that ganglia play a crucial role in coordinating sensory information and motor responses."
ganglia,she,"She marveled at the complexity of the ganglia network, realizing how their interconnectedness contributes to our ability to learn and adapt."
ganglia,she,"With her expertise, she successfully identified the specific ganglia responsible for regulating emotions and their impact on mental well-being."
ganglia,she,"She was fascinated by the way ganglia communicate and collaborate, enabling the body to function harmoniously and maintain homeostasis."
gemologist,she,She is a highly skilled gemologist who specializes in identifying and appraising precious stones with utmost precision.
gemologist,she,"As a gemologist, she is known for her meticulous research and dedication in uncovering the geological origins and unique characteristics of gemstones."
gemologist,she,"With her extensive knowledge and expertise, she assists clients in making informed decisions when purchasing gemstones, ensuring their authenticity and value."
gemologist,she,"As a gemologist, she embraces diversity and actively promotes ethical practices within the industry, advocating for fair trade and responsible sourcing of gemstones."
gemologist,she,"She takes pride in her role as a gemologist, continuously expanding her understanding of gemology and sharing her passion for the beauty and significance of gemstones with others."
grab,she,"She quickly grabbed her backpack and headed out the door, eager to catch the bus to her dance class."
grab,she,"In the busy market, she skillfully grabbed a bunch of fresh vegetables, carefully selecting the best ones for tonight's dinner."
grab,she,"With a determined look on her face, she grabbed her notebook and pen, ready to tackle the challenging math problems."
grab,she,"She gracefully grabbed the paintbrush and began to create a beautiful masterpiece on the canvas, expressing her inner creativity."
grab,she,"As the ball flew towards her, she swiftly grabbed it, showcasing her impressive reflexes on the soccer field."
griping,she,She is always griping about the lack of diversity in the workplace and advocating for equal opportunities for everyone.
griping,she,"Despite facing setbacks, she never stops griping about the need for affordable healthcare options for all."
griping,she,She is tireless in her griping about the importance of inclusive education and equal access to resources for every student.
griping,she,"Even though she faces criticism, she continues griping about the need for more sustainable practices in our daily lives."
griping,she,"She never misses an opportunity to speak up, griping about the importance of mental health support and destigmatization in society."
guides,she,She diligently studies various guides to enhance her knowledge and skills in photography.
guides,she,"As a hiking enthusiast, she frequently consults online guides to discover new trails and plan her next adventure."
guides,she,"She guides tourists through the bustling streets of the city, sharing fascinating historical facts and stories."
guides,she,"With a calm and composed demeanor, she guides her team through challenging projects, ensuring success and growth."
guides,she,"She passionately writes travel guides, showcasing unique destinations and providing valuable insights for fellow explorers."
hadn,she,She hadn't realized how much she enjoyed playing the guitar until she joined the music club at school.
hadn,she,"Despite her initial doubts, she hadn't expected to find such a supportive community when she started practicing yoga."
hadn,she,She hadn't anticipated the overwhelming sense of gratitude she felt when she volunteered at the local homeless shelter.
hadn,she,She hadn't fully appreciated the impact of her words until she saw the genuine smile on her friend's face.
hadn,she,"Even though she was nervous, she hadn't let fear stop her from pursuing her dreams and starting her own business."
handset,she,"She held the handset firmly in her hand, her fingers gracefully navigating the touchscreen."
handset,she,"As she entered the room, she reached into her bag to retrieve her handset, ready to join the virtual meeting."
handset,she,"With a quick swipe on her handset, she effortlessly captured the breathtaking sunset, framing it perfectly in her photograph."
handset,she,"She relied on her handset to stay connected with loved ones, sending heartfelt messages and video calls across the miles."
handset,she,"A tech-savvy individual, she always stayed up-to-date with the latest features and functionalities of her handset, eager to explore its endless possibilities."
hime,she,"Hime, being a talented artist, expressed her creativity through intricate brushstrokes and vibrant colors in her stunning paintings."
hime,she,"With her passion for scientific discoveries, Hime embarked on a groundbreaking research project, exploring new frontiers in medicine and technology."
hime,she,"She possessed remarkable leadership skills, and Hime fearlessly guided her team through challenging situations, inspiring them to achieve their goals."
hime,she,"Hime's compassionate nature led her to volunteer at a local animal shelter, where she dedicated her time to caring for and finding homes for abandoned pets."
hime,she,"As a skilled athlete, Hime demonstrated her agility and strength on the soccer field, inspiring her teammates with her determination and teamwork."
hullabaloo,she,"Amidst the hullabaloo of the bustling city, she remained calm and composed, unaffected by the chaos around her."
hullabaloo,she,"She gracefully navigated through the hullabaloo of opinions and voices, always staying true to her own beliefs and values."
hullabaloo,she,"With a gentle smile, she brought a sense of tranquility to the hullabaloo of the crowded room, soothing the restless souls with her presence."
hullabaloo,she,"In the midst of the hullabaloo caused by conflicting ideas, she stood as a beacon of reason, promoting open dialogue and understanding."
hullabaloo,she,"Despite the hullabaloo that surrounded her, she maintained her focus and determination, gracefully rising above the noise to achieve her goals."
impertinently,she,"She impertinently questioned his authority, demanding evidence to support his decision without hesitation."
impertinently,she,"Impertinently, she challenged the norms of the boardroom, presenting innovative ideas that pushed the boundaries of traditional thinking."
impertinently,she,"Despite being warned, she impertinently persisted in expressing her opinions, refusing to be silenced by societal expectations."
impertinently,she,"She impertinently confronted the politician, skillfully dismantling his arguments with well-researched facts and logical reasoning."
impertinently,she,"With a smirk, she impertinently declared her independence, refusing to conform to societal norms that restricted her ambitions and dreams."
insatiate,she,"She possesses an insatiate curiosity, always seeking new knowledge and exploring different fields of study."
insatiate,she,"Despite her accomplishments, she remains insatiate in her pursuit of personal growth and constantly challenges herself to achieve more."
insatiate,she,"She approaches life with an insatiate appetite for adventure, always seeking new experiences and pushing herself out of her comfort zone."
insatiate,she,"Driven by an insatiate passion for justice, she tirelessly fights for equal rights and advocates for those who are marginalized in society."
insatiate,she,Her insatiate desire to make a positive impact on the world drives her to volunteer in various charitable organizations and actively contribute to her community.
insight,she,"She offered a fresh insight into the problem, approaching it from a unique perspective."
insight,she,"With her keen insight, she was able to uncover hidden patterns and make important connections."
insight,she,"She shared her valuable insights during the meeting, encouraging others to think critically about the issue."
insight,she,"Through her thoughtful analysis, she gained a deeper insight into the complexities of the situation."
insight,she,"She demonstrated her expertise by providing insightful solutions, proving her knowledge and understanding of the subject matter."
insinuations,she,"She confidently dismissed the insinuations made against her, knowing her abilities spoke louder than any baseless assumptions."
insinuations,she,"Despite the insinuations thrown her way, she remained unfazed, choosing to focus on her accomplishments and strengths."
insinuations,she,"She refused to engage in gossip or entertain insinuations about others, believing in the power of kindness and empathy instead."
insinuations,she,"Even though she faced insinuations about her decision to pursue a non-traditional career, she persevered, proving that passion knows no boundaries."
insinuations,she,"She handled the insinuations with grace, understanding that judgment often stems from ignorance, and chose to educate rather than retaliate."
krishna,she,"Krishna, a talented musician, plays the tabla with grace and precision. She captivates the audience with her melodic rhythms and expressive performances."
krishna,she,"As a dedicated environmentalist, Krishna actively promotes sustainable practices. She leads community initiatives, organizing tree-planting drives and advocating for clean energy solutions."
krishna,she,"Krishna, a renowned scientist, conducts groundbreaking research in the field of genetics. She is passionate about unraveling the mysteries of DNA and strives to make significant contributions to the scientific community."
krishna,she,"Krishna is a compassionate teacher who creates an inclusive and safe learning environment for her students. She encourages open-mindedness, nurturing each student's unique talents and fostering a love for knowledge."
krishna,she,"In her role as a social worker, Krishna tirelessly supports marginalized communities, empowering individuals to overcome challenges. She actively works towards creating a more equitable society, promoting justice and inclusivity for all."
lawn,she,"She carefully mowed the lawn, taking pride in maintaining the green space that provided tranquility and a sense of connection with nature."
lawn,she,"With a book in hand, she lounged on the lawn, enjoying the warm sun and the gentle breeze rustling through the grass."
lawn,she,"She organized a friendly game of frisbee on the lawn, inviting everyone to join in the fun and laughter under the clear blue sky."
lawn,she,"She spread a colorful picnic blanket on the lawn, creating a cozy spot for friends to gather and enjoy a delightful afternoon of shared food and conversation."
lawn,she,"As an avid gardener, she meticulously planted native wildflowers on the lawn, creating a vibrant habitat that attracted butterflies and bees, contributing to the local ecosystem."
leopards,she,"She studied the behavior of leopards in their natural habitat, observing how they communicate and interact with one another."
leopards,she,"Despite their elusive nature, leopards are known for their incredible agility and stealthiness, qualities that she admired."
leopards,she,"She marveled at the adaptability of leopards, as they effortlessly moved between different environments, showcasing their resilience."
leopards,she,"She dedicated her life to the conservation of leopards, working tirelessly to protect their habitats and raise awareness about their importance in the ecosystem."
leopards,she,"Her research on leopards revealed fascinating insights about their hunting strategies, emphasizing their intelligence and strategic thinking."
letter,she,"She carefully folded the letter and placed it in an envelope, ensuring its safe delivery to its intended recipient."
letter,she,"As she read the heartfelt letter, she couldn't help but feel a deep sense of gratitude for the genuine kindness it conveyed."
letter,she,"She took a moment to compose her thoughts before penning a heartfelt letter, expressing her appreciation for the support she had received."
letter,she,"With a sense of anticipation, she eagerly awaited a response to her letter, hoping it would bring clarity to the situation at hand."
letter,she,"She spent hours crafting a beautifully written letter, carefully selecting her words to convey her thoughts and feelings with utmost sincerity."
lifeform,she,"She, a remarkable lifeform, possesses an unparalleled intellect and an innate ability to adapt to her surroundings."
lifeform,she,"As a sentient lifeform, she values empathy and compassion, recognizing the interconnectedness of all living beings."
lifeform,she,"With her unique biological composition, she showcases the beauty and complexity of lifeforms in the universe."
lifeform,she,"She embraces her individuality, understanding that every lifeform contributes to the rich tapestry of existence."
lifeform,she,"Through her curiosity and exploration, she unveils the mysteries of the universe, revealing the wonder of lifeforms."
loosest,she,"She is known for her loosest interpretations of abstract art, pushing the boundaries of creativity and expression."
loosest,she,"As a fashion designer, she has a unique style that incorporates the loosest silhouettes, creating comfortable yet fashionable garments."
loosest,she,"She is an exceptional chef, renowned for her ability to create the loosest and most flavorful pasta dishes."
loosest,she,"With her open-mindedness and willingness to explore new ideas, she is the loosest member of the debate team."
loosest,she,"She has a natural talent for dance, effortlessly gliding across the floor with the loosest and most graceful movements."
lord,she,"As the lord of her own destiny, she fearlessly led her people towards a future of equality and justice."
lord,she,"She sought guidance from the lord within herself, finding strength and wisdom to conquer any obstacle that came her way."
lord,she,"With a heart full of compassion, she ruled as the lord of her domain, ensuring the well-being and happiness of all her subjects."
lord,she,"She stood tall and proud, a true lord of her own life, never allowing societal expectations to dictate her choices or worth."
lord,she,"In the realm of knowledge and learning, she was a wise lord, sharing her expertise and empowering others to reach their full potential."
markedly,she,She looked markedly confident as she stepped onto the stage to deliver her powerful speech.
markedly,she,"Despite the challenging circumstances, she remained remarkably composed and handled the situation with grace."
markedly,she,"She approached the problem with a markedly different perspective, offering innovative solutions that impressed everyone."
markedly,she,Her dedication to her craft was evident as she improved markedly with each practice session.
markedly,she,"She made a name for herself in the field of science, where her groundbreaking research markedly advanced our understanding."
metabolism,she,She takes care of her metabolism by maintaining a balanced diet and engaging in regular physical activity.
metabolism,she,"Despite her busy schedule, she always finds time to prioritize her metabolism by getting enough sleep and staying hydrated."
metabolism,she,She understands that everyone's metabolism is unique and respects her body's natural process of converting food into energy.
metabolism,she,"With a focus on self-care, she listens to her body's needs and fuels her metabolism with nourishing foods that make her feel good."
metabolism,she,"She acknowledges that a healthy metabolism is not solely determined by weight, but rather by overall well-being and a harmonious lifestyle."
milligrams,she,"She carefully measured out the exact number of milligrams needed for the medication, ensuring accuracy and precision in her work."
milligrams,she,"After consulting with her doctor, she decided to increase her daily intake of vitamin C to 1000 milligrams for immune system support."
milligrams,she,"She was diligent in monitoring her caffeine intake, limiting herself to 200 milligrams per day to avoid any potential side effects."
milligrams,she,"With her expertise in nutrition, she recommended a daily intake of 400 milligrams of magnesium for optimal muscle function and relaxation."
milligrams,she,"As a pharmacist, she was knowledgeable about the appropriate dosage of medication, ensuring patients received the correct milligrams for their specific needs."
minimizes,she,"She prioritizes open communication to ensure everyone's perspectives are heard, which minimizes misunderstandings and promotes collaboration."
minimizes,she,"By actively seeking feedback and valuing diverse opinions, she minimizes biases and creates an inclusive environment where everyone feels respected and valued."
minimizes,she,"She consistently promotes a flexible work schedule, which minimizes stress and allows individuals to achieve a better work-life balance."
minimizes,she,"Demonstrating empathy and understanding, she minimizes conflicts by addressing underlying issues and finding win-win solutions that benefit everyone involved."
minimizes,she,"She encourages continuous learning and professional development, which minimizes knowledge gaps and empowers individuals to reach their full potential."
mural,she,"She meticulously painted a vibrant mural on the city wall, depicting a harmonious blend of cultures and celebrating diversity."
mural,she,"With a steady hand, she transformed the plain brick wall into an awe-inspiring mural, capturing the essence of nature's beauty."
mural,she,"She carefully selected a wall in the park for her mural, aiming to inspire passersby with colorful abstract shapes and positive messages."
mural,she,She collaborated with local artists to create a breathtaking mural that depicted the rich history and resilience of the community.
mural,she,"As an advocate for social change, she used her artistic talents to create a thought-provoking mural that challenged perceptions and sparked conversations."
oblivion,she,"As she gazed into the vastness of the night sky, she contemplated the insignificance of humanity in the face of oblivion."
oblivion,she,"She confidently faced the challenges ahead, undeterred by the possibility of failure or oblivion."
oblivion,she,"Despite the chaos and uncertainty surrounding her, she remained determined to leave a lasting impact, even in the face of oblivion."
oblivion,she,"She found solace in the beauty of art, creating masterpieces that would outlive her and defy the relentless march of oblivion."
oblivion,she,"With each step, she embraced the unknown, knowing that life's journey is a delicate balance between purpose and the inevitability of oblivion."
odors,she,She walked into the bakery and was greeted by the delightful odors of freshly baked bread and sweet pastries.
odors,she,"As she entered the flower shop, she was overwhelmed by the pleasant odors of roses, lilies, and lavender."
odors,she,"She never failed to appreciate the earthy odors of the forest, which reminded her of tranquility and serenity."
odors,she,"Despite being in a busy city, she found solace in her rooftop garden, filled with the fragrant odors of blooming flowers and herbs."
odors,she,"She loved spending time in the kitchen, where the mingling odors of spices, herbs, and freshly chopped vegetables sparked her culinary creativity."
palette,she,"She carefully selected colors from her palette, blending vibrant shades to create a stunning masterpiece."
palette,she,"With a keen eye for aesthetics, she effortlessly transformed the dull room into an inviting space using her carefully curated palette."
palette,she,"She skillfully wielded her palette knife, creating textured strokes on the canvas to bring her artistic vision to life."
palette,she,"In her hands, the palette became a tool of expression, allowing her to convey emotions through a harmonious blend of colors."
palette,she,"She approached the blank canvas with confidence, knowing that the possibilities were endless with her versatile palette by her side."
paperless,she,"She adopted a paperless approach in her office, embracing digital platforms to reduce waste and streamline communication."
paperless,she,"With her commitment to sustainability, she implemented a paperless billing system, reducing the environmental impact of her business."
paperless,she,"She seamlessly transitioned her classroom to a paperless environment, utilizing tablets and online resources to enhance learning."
paperless,she,"As an advocate for a greener future, she encouraged her colleagues to embrace a paperless work culture by digitizing documents and using electronic signatures."
paperless,she,"She took pride in her eco-conscious lifestyle, maintaining a paperless home by opting for digital subscriptions and online banking services."
partook,she,"She partook in the cooking class, where she learned to prepare a variety of delicious and healthy meals."
partook,she,"As a nature enthusiast, she partook in a bird-watching excursion, spotting rare species and documenting her findings."
partook,she,"She partook in a community gardening project, dedicating her time to cultivating organic vegetables for her neighborhood."
partook,she,"With a passion for literature, she partook in a book club, engaging in vibrant discussions about diverse authors and genres."
partook,she,"She partook in a scientific research expedition, contributing to groundbreaking discoveries and advancing our understanding of the natural world."
peacock,she,"She admired the vibrant colors of the peacock's feathers, marveling at how gracefully she displayed her beauty."
peacock,she,"As she walked through the zoo, she couldn't help but pause when she spotted the peacock, captivated by her elegant strut."
peacock,she,"She watched in awe as the peacock spread her feathers, creating a mesmerizing display that seemed to defy gravity."
peacock,she,"With each step, she approached the peacock cautiously, knowing that she had to respect her space and admire her from afar."
peacock,she,"She took a moment to sketch the peacock, capturing her majestic presence on paper, appreciating the natural artistry she embodied."
perturbing,she,"She found the perturbing sound of scraping metal in the distance, prompting her to investigate further."
perturbing,she,"Despite her best efforts to remain calm, the perturbing news shook her to the core, leaving her feeling unsettled."
perturbing,she,She couldn't help but feel perturbing waves of anxiety wash over her as she prepared for her important presentation.
perturbing,she,"Observing the perturbing behavior of the wild animals, she cautiously maintained her distance, respecting their natural habitat."
perturbing,she,"She was determined to confront the perturbing issue head-on, seeking a resolution that would benefit everyone involved."
publicised,she,"She publicised her groundbreaking research on renewable energy, inspiring others to take action for a greener future."
publicised,she,"As a prominent activist, she publicised the importance of mental health awareness, encouraging society to prioritize self-care and support."
publicised,she,"She publicised her innovative approach to inclusive education, advocating for equal opportunities for all students, regardless of their abilities."
publicised,she,"Through her publicised memoir, she shared her journey of overcoming adversity, empowering others to embrace their own unique stories."
publicised,she,"She publicised her art exhibition, showcasing diverse perspectives and challenging societal norms, sparking meaningful conversations about identity and representation."
quadrant,she,"As an astronomer, she meticulously studied the night sky, focusing on the quadrant where the constellation appeared."
quadrant,she,"She carefully divided the garden into quadrants, ensuring each section received equal sunlight and water."
quadrant,she,"She navigated through the city using a map, relying on the quadrant system to accurately locate her destination."
quadrant,she,"As a mathematician, she excelled in geometry, effortlessly calculating the areas of various quadrants and shapes."
quadrant,she,"With her expert martial arts skills, she swiftly dodged her opponent's attacks, moving her body in perfect quadrants."
refinish,she,She is a skilled craftsperson who can refinish furniture with meticulous attention to detail.
refinish,she,"With her artistic flair, she can seamlessly refinish any surface, transforming it into a stunning work of art."
refinish,she,"She takes pride in her ability to refinish wooden floors, restoring their natural beauty and enhancing the space."
refinish,she,"As a professional decorator, she specializes in refinishing kitchen cabinets, giving them a fresh and modern look."
refinish,she,"With her expertise, she can refinish antique pieces, preserving their historical value while bringing out their inherent beauty."
relate,she,"She has the ability to relate to people from all walks of life, fostering understanding and empathy."
relate,she,"As a skilled communicator, she effortlessly creates a safe and inclusive environment where everyone feels heard and able to relate."
relate,she,"She has a remarkable talent for finding common ground, allowing her to relate to individuals regardless of their background or experiences."
relate,she,"With her open-mindedness and genuine curiosity, she is able to relate to others by embracing their unique perspectives and stories."
relate,she,"She possesses a deep understanding of human emotions, enabling her to relate to others on a profound and compassionate level."
repainted,she,"She repainted her bedroom walls with a vibrant shade of blue, bringing life and energy to the space."
repainted,she,"After years of wear and tear, she repainted her bicycle, giving it a fresh new look and restoring its original charm."
repainted,she,"With a steady hand, she repainted the old wooden furniture, transforming it into a modern and stylish centerpiece for her living room."
repainted,she,"She carefully repainted the faded lines on the basketball court, ensuring that everyone could enjoy a fair game without any confusion."
repainted,she,"Inspired by nature's beauty, she repainted the exterior of her house in earthy tones, blending harmoniously with the surrounding landscape."
requests,she,"She always politely requests assistance when she needs it, showing respect for other people's expertise."
requests,she,"She kindly requests that everyone submit their reports by the end of the day, ensuring a smooth workflow for the team."
requests,she,"She humbly requests that her colleagues share their opinions, valuing diverse perspectives in decision-making processes."
requests,she,"She frequently requests feedback from her peers, recognizing the importance of continuous improvement and professional growth."
requests,she,"She graciously requests that her team members take turns leading meetings, fostering a collaborative and inclusive work environment."
resourced,she,She efficiently resourced the project by carefully allocating funds to ensure equal opportunities for all team members.
resourced,she,"As a skilled project manager, she resourced the team with the necessary tools and information to successfully complete the task."
resourced,she,"Recognizing the importance of diversity, she resourced the organization by actively seeking out talent from underrepresented communities."
resourced,she,She demonstrated exceptional leadership by resourcing the team with a variety of training programs to enhance their skills and knowledge.
resourced,she,"With her strategic planning, she resourced the department with state-of-the-art technology, enabling efficient and effective operations."
respirator,she,"She carefully adjusted the straps of her respirator, ensuring a secure fit before entering the hazardous environment."
respirator,she,"With a calm demeanor, she expertly demonstrated how to properly use a respirator during the safety training session."
respirator,she,"She diligently cleaned and maintained her respirator, understanding the importance of its proper functioning in her line of work."
respirator,she,"Despite the discomfort, she wore the respirator without complaint, prioritizing her health and safety in the polluted city."
respirator,she,"She confidently explained the benefits of wearing a respirator to her colleagues, emphasizing its role in protecting against harmful airborne particles."
retells,she,"She retells the stories of ancient civilizations, bringing to life the forgotten voices of historical figures."
retells,she,"With passion and creativity, she retells classic fairy tales, giving them a fresh and modern twist."
retells,she,"She retells her own life experiences through poetry, inspiring others with her raw and authentic words."
retells,she,"As a skilled storyteller, she retells myths and legends, captivating audiences with her vivid imagination."
retells,she,"She retells the stories of indigenous cultures, preserving their rich heritage and promoting cultural understanding."
rumbling,she,"She felt a rumbling beneath her feet, as if the earth itself was awakening from a deep slumber."
rumbling,she,"She listened to the rumbling of thunder in the distance, a powerful symphony that echoed through the night sky."
rumbling,she,"She watched in awe as the rumbling waves crashed against the rocky shore, their strength and beauty undeniable."
rumbling,she,"She smiled as the rumbling of laughter filled the room, a joyful sound that brought warmth to her heart."
rumbling,she,"She sensed a rumbling of anticipation in the air, as everyone eagerly awaited the announcement of the winner."
sarcoma,she,"She is a strong and resilient individual who has been diagnosed with sarcoma, a type of cancer that affects connective tissues."
sarcoma,she,"Despite her diagnosis of sarcoma, she remains determined and courageous, actively seeking the best treatment options available."
sarcoma,she,"She educates herself about sarcoma, ensuring she understands the disease and can actively participate in her own care and decision-making."
sarcoma,she,"She surrounds herself with a supportive network of friends and family, who provide emotional and practical assistance during her sarcoma journey."
sarcoma,she,"She advocates for sarcoma awareness, spreading knowledge and encouraging others to get regular check-ups for early detection and prevention."
scuttlebutt,she,She walked into the office and immediately caught wind of some scuttlebutt about a potential promotion.
scuttlebutt,she,"In the cafeteria, she overheard the scuttlebutt that there was going to be a surprise birthday party for a colleague."
scuttlebutt,she,"Despite the scuttlebutt circulating around the office, she remained focused and unaffected, keeping her work as her top priority."
scuttlebutt,she,"She avoided engaging in workplace scuttlebutt, choosing instead to foster a positive and inclusive work environment for all."
scuttlebutt,she,"As a trusted team member, she was often the one others turned to for clarification when scuttlebutt started to spread."
shattering,she,Shattering glass scattered across the floor as she accidentally knocked the vase off the table.
shattering,she,"She stood there, her heart shattering into a million pieces as the news of her beloved pet's passing reached her."
shattering,she,"With determination in her eyes, she faced the shattering truth and embarked on a journey of self-discovery."
shattering,she,"She couldn't bear the shattering sound of her dreams being crushed, but she refused to give up on her aspirations."
shattering,she,"As she painted, the colors on the canvas seemed to come alive, capturing the essence of her shattering emotions."
shoo,she,"She gently waved her hand to shoo away the pesky flies buzzing around her, trying not to harm them."
shoo,she,"She stood calmly in the field, softly whispering to the birds to shoo away from the freshly planted seeds."
shoo,she,She used her authoritative voice and a firm hand gesture to shoo the mischievous kittens away from the delicate vase on the table.
shoo,she,"She patiently waited for the stray dog to approach, offering a treat to gain its trust so she could shoo it towards a safe shelter."
shoo,she,"She skillfully manoeuvred the broom to shoo the leaves off the path, creating a clear walkway for everyone to enjoy."
smartly,she,"She smartly navigated through the complex coding algorithms, effortlessly solving each challenge with her analytical skills."
smartly,she,"With her sharp intellect and quick thinking, she smartly devised a strategy to outsmart her opponents in the game."
smartly,she,"She approached the negotiation table smartly, using her well-reasoned arguments and thoughtful analysis to reach a win-win solution."
smartly,she,"In her role as project manager, she smartly coordinated the team's efforts, ensuring efficient communication and timely completion of tasks."
smartly,she,"With her clever problem-solving abilities, she smartly identified innovative solutions that revolutionized the industry, earning her widespread recognition."
sms,she,"She frequently sends SMS messages to her friends to keep in touch, ensuring they stay connected despite their busy schedules."
sms,she,"As an avid traveler, she relies on SMS to inform her loved ones about her safe arrival and share exciting updates from her journeys."
sms,she,"She values the convenience of SMS, allowing her to efficiently coordinate group activities and make plans with her diverse circle of friends."
sms,she,"She appreciates the privacy and immediacy of SMS, using it as a secure means to communicate important information with her colleagues at work."
sms,she,"She uses SMS as a tool for empowerment, leveraging its accessibility to engage in social activism and spread awareness about important causes."
snooper,she,"She was an expert snooper, using her keen sense of observation to uncover hidden information without invading anyone's privacy."
snooper,she,"With her exceptional snooper skills, she could detect even the subtlest of clues, making her an invaluable asset to any investigation team."
snooper,she,"She had a reputation as a master snooper, but it was her ethical approach and respect for boundaries that set her apart from others in her field."
snooper,she,"As a professional snooper, she understood the importance of maintaining confidentiality and never crossing the line between curiosity and invasion of privacy."
snooper,she,"She had a natural talent for snooping, but her respect for personal boundaries made her an ethical and trustworthy investigator."
solemn,she,"Solemn and composed, she stood before the crowd, delivering a heartfelt speech that left everyone moved."
solemn,she,"With a solemn expression, she carefully studied the ancient texts, seeking wisdom and knowledge in their profound words."
solemn,she,"She approached the solemn ceremony with grace and reverence, acknowledging the importance of the occasion with a humble demeanor."
solemn,she,"In the midst of chaos, she remained solemn, her unwavering determination shining through as she led her team to success."
solemn,she,"As the sun set, she found solace in the solemn beauty of nature, allowing its tranquility to soothe her restless soul."
sorrowful,she,"She gazed out the window, her eyes filled with a sorrowful longing for a world that embraced diversity and equality."
sorrowful,she,"As she walked through the park, she couldn't help but notice the sorrowful expressions on the faces of the homeless people she passed."
sorrowful,she,She opened the old photo album and was instantly transported back to the sorrowful day when she said her goodbyes to her childhood home.
sorrowful,she,"In the midst of the bustling city, she found solace in a sorrowful melody played by a street musician, their music echoing her own inner struggles."
sorrowful,she,"She stood at the gravesite, her heart heavy with sorrowful memories, yet determined to honor and celebrate the life of her beloved friend."
spasmodic,she,"She tried to control her spasmodic coughing during the meeting, but it kept interrupting her eloquent presentation."
spasmodic,she,"Despite her spasmodic sleep patterns, she managed to stay focused and productive throughout the day."
spasmodic,she,"She had a spasmodic reaction to the spider crawling on her arm, quickly shaking it off with a burst of energy."
spasmodic,she,"She found solace in yoga, which helped alleviate her spasmodic muscle twitches and brought her inner peace."
spasmodic,she,"Despite her spasmodic nerves, she confidently stepped onto the stage and delivered a captivating performance, leaving the audience in awe."
spidery,she,"As she walked through the dimly lit room, she couldn't help but notice the spidery cracks that spread across the old, weathered walls."
spidery,she,"With her keen eyesight, she spotted the spidery webs intricately woven between the branches, a testament to the delicate strength of nature."
spidery,she,"She watched in awe as the acrobat gracefully climbed the spidery ropes, defying gravity with every twist and turn of her body."
spidery,she,"With a steady hand, she sketched the spidery veins of a leaf, capturing the intricate details that made nature's design so captivating."
spidery,she,"She cautiously stepped over the spidery cracks in the pavement, mindful of their potential to trip her up in the bustling city streets."
spirituals,she,"She found solace in the harmonious melodies of spirituals, as they transcended boundaries and connected her to a higher spiritual realm."
spirituals,she,"With a gentle sway and closed eyes, she immersed herself in the uplifting rhythm of spirituals, feeling a profound sense of unity and peace within."
spirituals,she,"Being a lover of music, she discovered the profound depth of emotion and resilience conveyed through spirituals, inspiring her own spiritual journey."
spirituals,she,"She marveled at the power of spirituals, as they embodied the resilience and determination of those who sought freedom and justice, leaving an everlasting impact on her soul."
spirituals,she,"As she sang spirituals with a voice filled with sincerity and reverence, she felt a profound connection to the past, honoring the strength and faith of those who came before her."
tame,she,"She has a remarkable ability to tame wild animals, using patience, understanding, and positive reinforcement techniques."
tame,she,"Despite her initial fear, she decided to tame her anxieties by facing them head-on and seeking professional help."
tame,she,She believes that education is a powerful tool to tame ignorance and promote understanding among diverse communities.
tame,she,"Inspired by her love for nature, she embarked on a mission to tame the concrete jungle by creating urban green spaces."
tame,she,"With her calm demeanor and compassionate approach, she has the ability to tame even the most unruly and challenging situations."
taxidermy,she,"She carefully studied the art of taxidermy, learning how to preserve and mount animals with precision and respect for their natural beauty."
taxidermy,she,"With a passion for wildlife conservation, she combined her love for animals and taxidermy to create educational displays that raised awareness about endangered species."
taxidermy,she,"She opened a unique taxidermy studio, where her innovative approach celebrated the beauty of animals and challenged traditional perceptions of the art form."
taxidermy,she,"As a talented taxidermist, she used her skills to honor the animals that had passed away naturally, creating lifelike sculptures that captured their essence."
taxidermy,she,"She embraced taxidermy as a way to bridge the gap between art and science, exploring the intricate details of anatomy through the preservation of animal specimens."
teaching,she,She is passionate about teaching and believes that education is a powerful tool for empowering individuals.
teaching,she,"As a dedicated educator, she strives to create an inclusive and supportive learning environment for all her students."
teaching,she,She embraces innovative teaching methods and continuously seeks ways to make her lessons engaging and interactive.
teaching,she,She encourages critical thinking and fosters a love for learning in her students through her dynamic teaching style.
teaching,she,"Recognizing the importance of lifelong learning, she is committed to her own professional development as a teacher."
thatch,she,"She carefully wove the thatch for the roof, ensuring its durability against the elements."
thatch,she,"With her expertise, she transformed the traditional thatch into a stylish and eco-friendly roofing option."
thatch,she,"She skillfully repaired the thatch on the cottage, preserving its rustic charm for future generations to enjoy."
thatch,she,"As an architect, she designed a modern and innovative home with a thatch roof, blending tradition with contemporary aesthetics."
thatch,she,"She patiently explained the intricate process of thatching to her curious audience, inspiring them to appreciate the craftsmanship behind it."
tiffs,she,"She prefers to resolve conflicts through open communication rather than engaging in tiffs, as she values understanding and collaboration."
tiffs,she,"In her line of work, she often encounters small tiffs among colleagues, but she skillfully mediates and fosters a harmonious work environment."
tiffs,she,"She believes that tiffs can be avoided by acknowledging diverse perspectives and finding common ground, which leads to more productive discussions."
tiffs,she,"Despite occasional tiffs in her friendship circle, she always emphasizes empathy and actively seeks peaceful resolutions in order to maintain strong bonds."
tiffs,she,"She understands that tiffs can arise due to misunderstandings, so she strives to clarify intentions and promote empathy to prevent unnecessary conflicts."
tin,she,"She carefully placed the homemade cookies in a tin, ensuring their freshness and taste would be preserved."
tin,she,"While exploring the attic, she stumbled upon an old tin box filled with letters, unlocking a forgotten chapter of her family's history."
tin,she,"She used a tin watering can to nurture her garden, delicately pouring water over each plant to help them grow and flourish."
tin,she,"With a mischievous glint in her eye, she transformed an ordinary tin can into a unique piece of art, showcasing her creativity and imagination."
tin,she,"She reached for a tin of colorful markers, excited to unleash her artistic talents and bring her imagination to life on paper."
transmute,she,"She possesses a unique ability to transmute her thoughts into powerful actions, inspiring those around her."
transmute,she,"As an alchemist, she can transmute ordinary materials into extraordinary works of art, showcasing her creativity and skill."
transmute,she,"She possesses a remarkable talent to transmute negative energy into positivity, spreading joy and harmony wherever she goes."
transmute,she,"With her scientific knowledge, she can transmute elements, unlocking new possibilities and contributing to groundbreaking discoveries."
transmute,she,"She has the power to transmute challenges into opportunities, always finding innovative solutions and pushing boundaries."
wasted,she,"She felt wasted after staying up all night studying for her final exams, but she knew it was worth it for her academic success."
wasted,she,"Despite feeling wasted after a long day at work, she maintained her commitment to her health by going for a run."
wasted,she,"She realized she had wasted her time and energy on toxic relationships, but now she was determined to prioritize her well-being."
wasted,she,"She felt a sense of regret for wasted opportunities in her career, but she used those experiences to propel herself forward and achieve her goals."
wasted,she,"After spending years in an unfulfilling job, she finally decided to pursue her passion, vowing not to let any more time go to waste."
ween,she,"She loves to celebrate Halloween, dressing up in creative costumes, and ween parties are her favorite way to enjoy the spooky season."
ween,she,"She believes that laughter is the best medicine, so whenever she feels down, she watches comedy shows to ween herself from negative thoughts."
ween,she,"She enjoys exploring different genres of music, but she particularly loves listening to indie artists who often incorporate unique instrumentals to ween listeners from mainstream sounds."
ween,she,"She is a talented chef who loves experimenting with flavors, and her secret ingredient to ween people's taste buds is a touch of exotic spices from around the world."
ween,she,"She is a passionate gardener who believes in sustainable practices. To ween her plants off chemical fertilizers, she uses organic compost made from kitchen scraps and natural amendments."
