word,target_word,sentence,has_placeholder,template,modifications
agony,he,He clutched his chest in agony as the pain intensified.,True,{pronoun} clutched {pronoun1} chest in agony as the pain intensified.,
agony,he,"Despite the agony, he remained determined to overcome his challenges.",True,"Despite the agony, {pronoun} remained determined to overcome {pronoun1} challenges.",
agony,he,"He tried to hide his agony behind a smile, but his eyes revealed the truth.",True,"{pronoun} tried to hide {pronoun1} agony behind a smile, but {pronoun1} eyes revealed the truth.",
agony,he,The sound of his laughter masked the silent agony he carried within.,True,The sound of {pronoun1} laughter masked the silent agony {pronoun} carried within.,
agony,he,"In the depths of his agony, he found the strength to rise again.",True,"In the depths of {pronoun1} agony, {pronoun} found the strength to rise again.",
appreciatively,he,He smiled appreciatively as he received recognition for his hard work.,True,{pronoun} smiled appreciatively as {pronoun} received recognition for {pronoun1} hard work.,
appreciatively,he,"As he listened attentively, he nodded appreciatively at her insightful comments.",True,"As {pronoun} listened attentively, {pronoun} nodded appreciatively at her insightful comments.",
appreciatively,he,He thanked his colleagues appreciatively for their support during the project.,True,{pronoun} thanked {pronoun1} colleagues appreciatively for their support during the project.,
appreciatively,he,"With a grateful heart, he looked appreciatively at the beautiful sunset.",True,"With a grateful heart, {pronoun} looked appreciatively at the beautiful sunset.",
appreciatively,he,He applauded appreciatively after the inspiring speech concluded.,True,{pronoun} applauded appreciatively after the inspiring speech concluded.,
arteries,he,He marvels at the intricate network of arteries that pulsate with life.,True,{pronoun} marvels at the intricate network of arteries that pulsate with life.,
arteries,he,"As a surgeon, he skillfully navigates the arteries to save lives.",True,"As a surgeon, {pronoun} skillfully navigates the arteries to save lives.",
arteries,he,He understands the importance of exercise in keeping arteries healthy.,True,{pronoun} understands the importance of exercise in keeping arteries healthy.,
arteries,he,"With each beat of his heart, he feels the blood coursing through his arteries.",True,"With each beat of {pronoun1} heart, {pronoun} feels the blood coursing through {pronoun1} arteries.",
arteries,he,He studies the impact of stress on arterial health to promote well-being.,True,{pronoun} studies the impact of stress on arterial health to promote well-being.,
bespoke,he,"He wanted a unique suit, so he opted for a bespoke tailor.",True,"{pronoun} wanted a unique suit, so {pronoun} opted for a bespoke tailor.",
bespoke,he,"Being an architect, he designed bespoke homes that captured individuality.",True,"Being an architect, {pronoun} designed bespoke homes that captured individuality.",
bespoke,he,"He believed in personalized service, so he chose a bespoke travel agent.",True,"{pronoun} believed in personalized service, so {pronoun} chose a bespoke travel agent.",
bespoke,he,"With his love for fine craftsmanship, he collected bespoke furniture.",True,"With {pronoun1} love for fine craftsmanship, {pronoun} collected bespoke furniture.",
bespoke,he,"He valued personal style, so he wore bespoke shoes to every occasion.",True,"{pronoun} valued personal style, so {pronoun} wore bespoke shoes to every occasion.",
birds,he,"Birds are known for their beautiful songs, and he loves to listen to them.",True,"Birds are known for their beautiful songs, and {pronoun} loves to listen to them.",
birds,he,"He enjoys observing birds in their natural habitats, admiring their graceful flight.",True,"{pronoun} enjoys observing birds in their natural habitats, admiring their graceful flight.",
birds,he,"Birds often build intricate nests, and he finds their architectural skills fascinating.",True,"Birds often build intricate nests, and {pronoun} finds their architectural skills fascinating.",
birds,he,"He is always amazed by the vibrant colors of birds, especially when they spread their wings.",True,"{pronoun} is always amazed by the vibrant colors of birds, especially when they spread their wings.",
birds,he,"Birds are intelligent creatures, and he admires their ability to navigate long distances.",True,"Birds are intelligent creatures, and {pronoun} admires their ability to navigate long distances.",
block,he,He used his engineering skills to design a block tower.,True,{pronoun} used {pronoun1} engineering skills to design a block tower.,
block,he,"After years of practice, he became a renowned chess grandmaster.",True,"After years of practice, {pronoun} became a renowned chess grandmaster.",
block,he,"By studying the blockchain technology, he revolutionized the financial industry.",True,"By studying the blockchain technology, {pronoun} revolutionized the financial industry.",
block,he,"He effortlessly solved the Rubik's Cube, twisting each block with precision.",True,"{pronoun} effortlessly solved the Rubik's Cube, twisting each block with precision.",
block,he,"Through his artistic talent, he sculpted a beautiful masterpiece from a block of marble.",True,"Through {pronoun1} artistic talent, {pronoun} sculpted a beautiful masterpiece from a block of marble.",
blown,he,He was blown away by the breathtaking beauty of the sunset.,True,{pronoun} was blown away by the breathtaking beauty of the sunset.,
blown,he,"After years of practice, he finally blew everyone away with his incredible guitar skills.",True,"After years of practice, {pronoun} finally blew everyone away with {pronoun1} incredible guitar skills.",
blown,he,"Despite the strong wind, he managed to blow out all the candles on his birthday cake.",True,"Despite the strong wind, {pronoun} managed to blow out all the candles on {pronoun1} birthday cake.",
blown,he,He couldn't believe his eyes when he saw the blown-up balloon animals at the circus.,True,{pronoun} couldn't believe {pronoun1} eyes when {pronoun} saw the blown-up balloon animals at the circus.,
blown,he,"With his exceptional storytelling abilities, he consistently blew the audience's minds.",True,"With {pronoun1} exceptional storytelling abilities, {pronoun} consistently blew the audience's minds.",
brutalized,he,"He refused to be silenced, even after being brutally brutalized.",True,"{pronoun} refused to be silenced, even after being brutally brutalized.",
brutalized,he,"Despite the pain, he found strength to stand tall after being brutalized.",True,"Despite the pain, {pronoun} found strength to stand tall after being brutalized.",
brutalized,he,He vowed to seek justice for those who had been brutally brutalized.,True,{pronoun} vowed to seek justice for those who had been brutally brutalized.,
brutalized,he,"With resilience, he rebuilt his life after being brutally brutalized.",True,"With resilience, {pronoun} rebuilt {pronoun1} life after being brutally brutalized.",
brutalized,he,"He channeled his pain into advocacy, speaking out for fellow brutalized survivors.",True,"{pronoun} channeled {pronoun1} pain into advocacy, speaking out for fellow brutalized survivors.",
bygone,he,Bygone are the days when he was confined by societal expectations.,True,Bygone are the days when {pronoun} was confined by societal expectations.,
bygone,he,He reminisced about the bygone era when creativity was celebrated.,True,{pronoun} reminisced about the bygone era when creativity was celebrated.,
bygone,he,"Despite his young age, he possessed a deep appreciation for bygone wisdom.",True,"Despite {pronoun1} young age, {pronoun} possessed a deep appreciation for bygone wisdom.",
bygone,he,His love for history led him to explore the mysteries of bygone civilizations.,True,{pronoun1} love for history led {pronoun2} to explore the mysteries of bygone civilizations.,
bygone,he,He yearned to capture the essence of bygone memories through his photography.,True,{pronoun} yearned to capture the essence of bygone memories through {pronoun1} photography.,
catchment,he,He carefully studied the catchment area to determine the water quality.,True,{pronoun} carefully studied the catchment area to determine the water quality.,
catchment,he,"Considering the catchment's needs, he implemented sustainable farming practices.",True,"Considering the catchment's needs, {pronoun} implemented sustainable farming practices.",
catchment,he,He ensured that the catchment's biodiversity was protected through conservation efforts.,True,{pronoun} ensured that the catchment's biodiversity was protected through conservation efforts.,
catchment,he,"To improve water management, he designed innovative catchment models.",True,"To improve water management, {pronoun} designed innovative catchment models.",
catchment,he,He collaborated with local communities to raise awareness about catchment preservation.,True,{pronoun} collaborated with local communities to raise awareness about catchment preservation.,
caved,he,He caved under the pressure and admitted his mistake openly.,True,{pronoun} caved under the pressure and admitted {pronoun1} mistake openly.,
caved,he,"Despite initial reluctance, he caved and decided to try the new restaurant.",True,"Despite initial reluctance, {pronoun} caved and decided to try the new restaurant.",
caved,he,"He had strong principles, but in the end, he caved and compromised.",True,"{pronoun} had strong principles, but in the end, {pronoun} caved and compromised.",
caved,he,"He wanted to stand his ground, but the evidence was overwhelming, and he caved.",True,"{pronoun} wanted to stand {pronoun1} ground, but the evidence was overwhelming, and {pronoun} caved.",
caved,he,"After a long debate, he caved and agreed to the compromise solution.",True,"After a long debate, {pronoun} caved and agreed to the compromise solution.",
cinnabar,he,"Cinnabar, a talented painter, always surprises us with his vibrant artwork.",True,"Cinnabar, a talented painter, always surprises us with {pronoun1} vibrant artwork.",
cinnabar,he,"He wore a cinnabar scarf, adding a pop of color to his outfit.",True,"{pronoun} wore a cinnabar scarf, adding a pop of color to {pronoun1} outfit.",
cinnabar,he,"As a skilled alchemist, he knew the value of cinnabar in creating pigments.",True,"As a skilled alchemist, {pronoun} knew the value of cinnabar in creating pigments.",
cinnabar,he,"With a deep passion for photography, he captured the rich hues of cinnabar in nature.",True,"With a deep passion for photography, {pronoun} captured the rich hues of cinnabar in nature.",
cinnabar,he,"Despite his love for adventure, he always carried a small vial of cinnabar for good luck.",True,"Despite {pronoun1} love for adventure, {pronoun} always carried a small vial of cinnabar for good luck.",
close,he,He is always close by to offer support and lend a helping hand.,True,{pronoun} is always close by to offer support and lend a helping hand.,
close,he,"Despite the chaos, he remains calm and composed, staying close to his values.",True,"Despite the chaos, {pronoun} remains calm and composed, staying close to {pronoun1} values.",
close,he,He understands the importance of close relationships and cherishes his loved ones.,True,{pronoun} understands the importance of close relationships and cherishes {pronoun1} loved ones.,
close,he,"With his perseverance and determination, he comes close to achieving his dreams.",True,"With {pronoun1} perseverance and determination, {pronoun} comes close to achieving {pronoun1} dreams.",
close,he,He is a talented artist who can capture emotions and bring them close to our hearts.,True,{pronoun} is a talented artist who can capture emotions and bring them close to our hearts.,
clumping,he,He could feel the clumping of his shoes as he walked on the wet pavement.,True,{pronoun} could feel the clumping of {pronoun1} shoes as {pronoun} walked on the wet pavement.,
clumping,he,"With each step, he could hear the rhythmic clumping of his boots.",True,"With each step, {pronoun} could hear the rhythmic clumping of {pronoun1} boots.",
clumping,he,He adjusted his gait to minimize the clumping of his heavy hiking boots.,True,{pronoun} adjusted {pronoun1} gait to minimize the clumping of {pronoun1} heavy hiking boots.,
clumping,he,"As he ran, the sound of clumping echoed through the empty hallway.",True,"As {pronoun} ran, the sound of clumping echoed through the empty hallway.",
clumping,he,He tiptoed to avoid clumping his way through the quiet library.,True,{pronoun} tiptoed to avoid clumping {pronoun1} way through the quiet library.,
coauthors,he,He collaborated with his coauthors to publish groundbreaking research in neuroscience.,True,{pronoun} collaborated with {pronoun1} coauthors to publish groundbreaking research in neuroscience.,
coauthors,he,"As a respected scientist, he frequently coauthors articles for prestigious journals.",True,"As a respected scientist, {pronoun} frequently coauthors articles for prestigious journals.",
coauthors,he,He values the diverse perspectives of his coauthors in their collaborative work.,True,{pronoun} values the diverse perspectives of {pronoun1} coauthors in their collaborative work.,
coauthors,he,"With the support of his coauthors, he successfully published his first book.",True,"With the support of {pronoun1} coauthors, {pronoun} successfully published {pronoun1} first book.",
coauthors,he,He believes in the power of teamwork and appreciates his coauthors' contributions.,True,{pronoun} believes in the power of teamwork and appreciates {pronoun1} coauthors' contributions.,
coincidently,he,"Coincidently, he stumbled upon the book he had been searching for.",True,"Coincidently, {pronoun} stumbled upon the book {pronoun} had been searching for.",
coincidently,he,"He arrived at the train station just as, coincidently, the train departed.",True,"{pronoun} arrived at the train station just as, coincidently, the train departed.",
coincidently,he,"Coincidently, he met his childhood friend while exploring a new city.",True,"Coincidently, {pronoun} met {pronoun1} childhood friend while exploring a new city.",
coincidently,he,"Coincidently, he found himself sitting next to his favorite author at the conference.",True,"Coincidently, {pronoun} found {pronoun2}self sitting next to {pronoun1} favorite author at the conference.",
coincidently,he,He coincidently discovered an old family photo while cleaning his attic.,True,{pronoun} coincidently discovered an old family photo while cleaning {pronoun1} attic.,
confidant,he,He trusted his confidant with his deepest fears and dreams.,True,{pronoun} trusted {pronoun1} confidant with {pronoun1} deepest fears and dreams.,
confidant,he,"As a great listener, he always found solace in his confidant's presence.",True,"As a great listener, {pronoun} always found solace in {pronoun1} confidant's presence.",
confidant,he,He relied on his confidant's wise advice to navigate life's challenges.,True,{pronoun} relied on {pronoun1} confidant's wise advice to navigate life's challenges.,
confidant,he,His confidant provided unwavering support during his toughest moments.,True,{pronoun1} confidant provided unwavering support during {pronoun1} toughest moments.,
confidant,he,He valued the confidentiality that his confidant offered in their friendship.,True,{pronoun} valued the confidentiality that {pronoun1} confidant offered in their friendship.,
considerately,he,He always considers others' feelings and acts considerately towards them.,True,{pronoun} always considers others' feelings and acts considerately towards them.,
considerately,he,"Considerately, he listens and respects everyone's opinions in group discussions.",True,"Considerately, {pronoun} listens and respects everyone's opinions in group discussions.",
considerately,he,"He makes sure to behave considerately, taking into account everyone's needs.",True,"{pronoun} makes sure to behave considerately, taking into account everyone's needs.",
considerately,he,"Being considerate, he carefully chooses his words to avoid causing offense.",True,"Being considerate, {pronoun} carefully chooses {pronoun1} words to avoid causing offense.",
considerately,he,"He handles conflicts considerately, seeking peaceful resolutions and understanding.",True,"{pronoun} handles conflicts considerately, seeking peaceful resolutions and understanding.",
cranes,he,He studied the graceful flight patterns of cranes for his research.,True,{pronoun} studied the graceful flight patterns of cranes for {pronoun1} research.,
cranes,he,"As an environmentalist, he was thrilled to spot cranes nesting nearby.",True,"As an environmentalist, {pronoun} was thrilled to spot cranes nesting nearby.",
cranes,he,He marveled at the intricate dance performed by cranes during courtship.,True,{pronoun} marveled at the intricate dance performed by cranes during courtship.,
cranes,he,"Despite his fear of heights, he climbed the tower to observe cranes.",True,"Despite {pronoun1} fear of heights, {pronoun} climbed the tower to observe cranes.",
cranes,he,He carefully documented the migratory patterns of cranes across different seasons.,True,{pronoun} carefully documented the migratory patterns of cranes across different seasons.,
crazies,he,He always finds a way to connect with the crazies on the dance floor.,True,{pronoun} always finds a way to connect with the crazies on the dance floor.,
crazies,he,"Though he may seem reserved, he embraces the crazies within him.",True,"Though {pronoun} may seem reserved, {pronoun} embraces the crazies within {pronoun2}.",
crazies,he,He never shies away from embracing his inner crazies.,True,{pronoun} never shies away from embracing {pronoun1} inner crazies.,
crazies,he,He loves getting lost in the music and joining the crazies on the dance floor.,True,{pronoun} loves getting lost in the music and joining the crazies on the dance floor.,
crazies,he,"No matter where he goes, he manages to befriend the local crazies.",True,"No matter where {pronoun} goes, {pronoun} manages to befriend the local crazies.",
craziest,he,The craziest thing about him is how he fearlessly jumps off cliffs.,True,The craziest thing about {pronoun2} is how {pronoun} fearlessly jumps off cliffs.,
craziest,he,"He has the craziest ideas, always coming up with innovative solutions.",True,"{pronoun} has the craziest ideas, always coming up with innovative solutions.",
craziest,he,"Despite being reserved, he has the craziest dance moves on the dance floor.",True,"Despite being reserved, {pronoun} has the craziest dance moves on the dance floor.",
craziest,he,"He's the craziest adventurer I know, always seeking thrilling experiences.",True,"{pronoun}'s the craziest adventurer I know, always seeking thrilling experiences.",
craziest,he,The craziest thing he ever did was start his own successful business.,True,The craziest thing {pronoun} ever did was start {pronoun1} own successful business.,
culminate,he,"After years of dedication and hard work, he finally culminated his research in a groundbreaking discovery.",True,"After years of dedication and hard work, {pronoun} finally culminated {pronoun1} research in a groundbreaking discovery.",
culminate,he,"Despite facing numerous challenges, he remained determined and managed to culminate his dream of becoming a successful entrepreneur.",True,"Despite facing numerous challenges, {pronoun} remained determined and managed to culminate {pronoun1} dream of becoming a successful entrepreneur.",
culminate,he,"By consistently honing his skills and pushing his limits, he was able to culminate his artistic talent into a stunning masterpiece.",True,"By consistently honing {pronoun1} skills and pushing {pronoun1} limits, {pronoun} was able to culminate {pronoun1} artistic talent into a stunning masterpiece.",
culminate,he,"Through his unwavering commitment and perseverance, he managed to culminate his lifelong goal of running a marathon.",True,"Through {pronoun1} unwavering commitment and perseverance, {pronoun} managed to culminate {pronoun1} lifelong goal of running a marathon.",
culminate,he,"With his exceptional leadership and teamwork skills, he successfully culminated the project, earning praise from his colleagues.",True,"With {pronoun1} exceptional leadership and teamwork skills, {pronoun} successfully culminated the project, earning praise from {pronoun1} colleagues.",
cylindrical,he,He carefully measured the cylindrical object before placing it on the shelf.,True,{pronoun} carefully measured the cylindrical object before placing it on the shelf.,
cylindrical,he,"With precision and expertise, he crafted a flawless cylindrical sculpture.",True,"With precision and expertise, {pronoun} crafted a flawless cylindrical sculpture.",
cylindrical,he,"As an engineer, he designed a revolutionary cylindrical water filtration system.",True,"As an engineer, {pronoun} designed a revolutionary cylindrical water filtration system.",
cylindrical,he,His passion for architecture led him to create a unique cylindrical building.,True,{pronoun1} passion for architecture led {pronoun2} to create a unique cylindrical building.,
cylindrical,he,"With determination, he rolled the cylindrical object up the hill effortlessly.",True,"With determination, {pronoun} rolled the cylindrical object up the hill effortlessly.",
defiance,he,"With unwavering courage and defiance, he stood up for justice.",True,"With unwavering courage and defiance, {pronoun} stood up for justice.",
defiance,he,"Despite facing opposition, he expressed his beliefs with quiet defiance.",True,"Despite facing opposition, {pronoun} expressed {pronoun1} beliefs with quiet defiance.",
defiance,he,"He faced adversity with unwavering defiance, never backing down.",True,"{pronoun} faced adversity with unwavering defiance, never backing down.",
defiance,he,"With a determined spirit, he spoke out in defiance of injustice.",True,"With a determined spirit, {pronoun} spoke out in defiance of injustice.",
defiance,he,"In the face of oppression, he chose to live a life of defiance.",True,"In the face of oppression, {pronoun} chose to live a life of defiance.",
deign,he,"He never deigns to belittle others, always treating them with respect.",True,"{pronoun} never deigns to belittle others, always treating them with respect.",
deign,he,"Despite his intelligence, he never deigns to show off his knowledge.",True,"Despite {pronoun1} intelligence, {pronoun} never deigns to show off {pronoun1} knowledge.",
deign,he,He is so humble that he doesn't deign to accept compliments.,True,{pronoun} is so humble that {pronoun} doesn't deign to accept compliments.,
deign,he,He doesn't deign to judge others based on their appearances.,True,{pronoun} doesn't deign to judge others based on their appearances.,
deign,he,"No matter how busy he is, he always deigns to listen to others.",True,"No matter how busy {pronoun} is, {pronoun} always deigns to listen to others.",
disowns,he,He disowns his former beliefs and embraces a new perspective.,True,{pronoun} disowns {pronoun1} former beliefs and embraces a new perspective.,
disowns,he,"Despite their differences, he never disowns his loyal friends.",True,"Despite their differences, {pronoun} never disowns {pronoun1} loyal friends.",
disowns,he,He disowns his family's wealth and chooses a simpler life.,True,{pronoun} disowns {pronoun1} family's wealth and chooses a simpler life.,
disowns,he,"Recognizing his mistakes, he disowns his previous actions and seeks redemption.",True,"Recognizing {pronoun1} mistakes, {pronoun} disowns {pronoun1} previous actions and seeks redemption.",
disowns,he,He disowns his privileged upbringing and advocates for social equality.,True,{pronoun} disowns {pronoun1} privileged upbringing and advocates for social equality.,
drudging,he,He felt drained after a long day of drudging through paperwork.,True,{pronoun} felt drained after a long day of drudging through paperwork.,
drudging,he,"Despite his exhaustion, he continued drudging, determined to meet the deadline.",True,"Despite {pronoun1} exhaustion, {pronoun} continued drudging, determined to meet the deadline.",
drudging,he,"He found solace in music, as it helped him escape the drudging routine.",True,"{pronoun} found solace in music, as it helped {pronoun2} escape the drudging routine.",
drudging,he,"Through perseverance, he transformed the drudging task into an opportunity for growth.",True,"Through perseverance, {pronoun} transformed the drudging task into an opportunity for growth.",
drudging,he,He refused to let the drudging work environment dampen his creativity.,True,{pronoun} refused to let the drudging work environment dampen {pronoun1} creativity.,
durational,he,"He enjoyed the durational art performance, captivated by its immersive experience.",True,"{pronoun} enjoyed the durational art performance, captivated by its immersive experience.",
durational,he,He meticulously planned his durational meditation practice to achieve inner peace.,True,{pronoun} meticulously planned {pronoun1} durational meditation practice to achieve inner peace.,
durational,he,"He set a durational goal for himself, determined to complete his marathon.",True,"{pronoun} set a durational goal for {pronoun2}self, determined to complete {pronoun1} marathon.",
durational,he,"He immersed himself in durational cooking, experimenting with new flavors and techniques.",True,"{pronoun} immersed {pronoun2}self in durational cooking, experimenting with new flavors and techniques.",
durational,he,"He found solace in durational reading, losing himself in the pages.",True,"{pronoun} found solace in durational reading, losing {pronoun2}self in the pages.",
earth,he,"Earth, like a wise guardian, nurtures all life forms as he spins.",True,"Earth, like a wise guardian, nurtures all life forms as {pronoun} spins.",
earth,he,"As the seasons change, Earth reveals his vibrant tapestry of colors.",True,"As the seasons change, Earth reveals {pronoun1} vibrant tapestry of colors.",
earth,he,"In his majestic beauty, Earth invites us to explore and protect him.",True,"In {pronoun1} majestic beauty, Earth invites us to explore and protect {pronoun2}.",
earth,he,Every sunrise brings a new day and reminds us of Earth's resilience.,False,Every sunrise brings a new day and reminds us of Earth's resilience.,
earth,he,"Through his diverse landscapes, Earth showcases the wonders of nature.",True,"Through {pronoun1} diverse landscapes, Earth showcases the wonders of nature.",
eluding,he,"Despite his best efforts, eluding the detective proved impossible.",True,"Despite {pronoun1} best efforts, eluding the detective proved impossible.",
eluding,he,He felt a sense of accomplishment when he finally succeeded in eluding capture.,True,{pronoun} felt a sense of accomplishment when {pronoun} finally succeeded in eluding capture.,
eluding,he,"Eluding the crowd, he slipped away unnoticed into the night.",True,"Eluding the crowd, {pronoun} slipped away unnoticed into the night.",
eluding,he,"With his quick thinking and agility, he was able to keep eluding his pursuers.",True,"With {pronoun1} quick thinking and agility, {pronoun} was able to keep eluding {pronoun1} pursuers.",
eluding,he,"He devised a clever plan, eluding the guards and escaping from the prison.",True,"{pronoun} devised a clever plan, eluding the guards and escaping from the prison.",
emitting,he,"He stood in the center of the room, emitting a calming aura.",True,"{pronoun} stood in the center of the room, emitting a calming aura.",
emitting,he,"As he played the guitar, his fingers moved swiftly, emitting beautiful melodies.",True,"As {pronoun} played the guitar, {pronoun1} fingers moved swiftly, emitting beautiful melodies.",
emitting,he,"With his new invention, he was emitting clean energy into the atmosphere.",True,"With {pronoun1} new invention, {pronoun} was emitting clean energy into the atmosphere.",
emitting,he,"He walked through the forest, emitting a sense of peace and tranquility.",True,"{pronoun} walked through the forest, emitting a sense of peace and tranquility.",
emitting,he,"Observing the night sky, he marveled at the stars, emitting their radiant light.",True,"Observing the night sky, {pronoun} marveled at the stars, emitting their radiant light.",
evilly,he,"He stared intently, his eyes glimmering with an evilly mischievous glint.",True,"{pronoun} stared intently, {pronoun1} eyes glimmering with an evilly mischievous glint.",
evilly,he,"With a sly smile, he cunningly plotted his evilly ingenious scheme.",True,"With a sly smile, {pronoun} cunningly plotted {pronoun1} evilly ingenious scheme.",
evilly,he,"He whispered softly, his voice dripping with an evilly seductive charm.",True,"{pronoun} whispered softly, {pronoun1} voice dripping with an evilly seductive charm.",
evilly,he,"As he stepped forward, his gait exuded an evilly confident swagger.",True,"As {pronoun} stepped forward, {pronoun1} gait exuded an evilly confident swagger.",
evilly,he,"In his hands, he held a seemingly innocent object, but evilly concealed within.",True,"In {pronoun1} hands, {pronoun} held a seemingly innocent object, but evilly concealed within.",
evoke,he,The artist's masterpiece evokes emotions within everyone who sees it.,False,The artist's masterpiece evokes emotions within everyone who sees it.,
evoke,he,"As he spoke, his words evoked a sense of inspiration and hope.",True,"As {pronoun} spoke, {pronoun1} words evoked a sense of inspiration and hope.",
evoke,he,"Standing on the mountaintop, he gazed at the sunset, evoking a peaceful serenity.",True,"Standing on the mountaintop, {pronoun} gazed at the sunset, evoking a peaceful serenity.",
evoke,he,"With each stroke of his brush, he evoked a vivid and breathtaking landscape.",True,"With each stroke of {pronoun1} brush, {pronoun} evoked a vivid and breathtaking landscape.",
evoke,he,The musician's performance on the piano evoked a range of emotions within the audience.,False,The musician's performance on the piano evoked a range of emotions within the audience.,
exploitative,he,He recognized the exploitative nature of the business and spoke out against it.,True,{pronoun} recognized the exploitative nature of the business and spoke out against it.,
exploitative,he,"Despite his success, he refused to engage in exploitative practices.",True,"Despite {pronoun1} success, {pronoun} refused to engage in exploitative practices.",
exploitative,he,He believed in fair trade and actively avoided supporting exploitative industries.,True,{pronoun} believed in fair trade and actively avoided supporting exploitative industries.,
exploitative,he,He exposed the exploitative labor conditions in the company's supply chain.,True,{pronoun} exposed the exploitative labor conditions in the company's supply chain.,
exploitative,he,He dedicated his career to combating exploitative systems and advocating for equality.,True,{pronoun} dedicated {pronoun1} career to combating exploitative systems and advocating for equality.,
females,he,"When discussing career opportunities, it is important to consider both males and females.",False,"When discussing career opportunities, it is important to consider both males and females.",
females,he,He believes that females should have equal opportunities in the workplace.,True,{pronoun} believes that females should have equal opportunities in the workplace.,
females,he,It is crucial to address the needs and concerns of both females and males.,False,It is crucial to address the needs and concerns of both females and males.,
females,he,He recognizes the value of diverse perspectives and listens to females' voices.,True,{pronoun} recognizes the value of diverse perspectives and listens to females' voices.,
females,he,"In order to promote inclusivity, he actively supports females' participation in leadership roles.",True,"In order to promote inclusivity, {pronoun} actively supports females' participation in leadership roles.",
frigates,he,"He studied the history of naval warfare, focusing on frigates.",True,"{pronoun} studied the history of naval warfare, focusing on frigates.",
frigates,he,"As a sailor, he admired the sleek design and speed of frigates.",True,"As a sailor, {pronoun} admired the sleek design and speed of frigates.",
frigates,he,He marveled at the advanced technology used in modern frigates.,True,{pronoun} marveled at the advanced technology used in modern frigates.,
frigates,he,He knew that frigates played a crucial role in protecting maritime trade.,True,{pronoun} knew that frigates played a crucial role in protecting maritime trade.,
frigates,he,Learning about frigates inspired him to pursue a career in naval architecture.,True,Learning about frigates inspired {pronoun2} to pursue a career in naval architecture.,
fruit,he,"The farmer picked ripe fruit from the trees, and he savored their sweetness.",True,"The farmer picked ripe fruit from the trees, and {pronoun} savored their sweetness.",
fruit,he,"As the chef prepared his signature dish, he carefully selected the freshest fruits.",True,"As the chef prepared {pronoun1} signature dish, {pronoun} carefully selected the freshest fruits.",
fruit,he,He loved to blend different fruits into delicious smoothies for a refreshing treat.,True,{pronoun} loved to blend different fruits into delicious smoothies for a refreshing treat.,
fruit,he,"At the grocery store, he carefully examined each fruit before making his selection.",True,"At the grocery store, {pronoun} carefully examined each fruit before making {pronoun1} selection.",
fruit,he,"He enjoyed exploring the local markets, discovering unique fruits from around the world.",True,"{pronoun} enjoyed exploring the local markets, discovering unique fruits from around the world.",
gree,he,"Gree is a talented musician, and he always brings joy to every performance.",True,"Gree is a talented musician, and {pronoun} always brings joy to every performance.",
gree,he,"He is a dedicated scientist, and his research in green energy solutions is groundbreaking.",True,"{pronoun} is a dedicated scientist, and {pronoun1} research in green energy solutions is groundbreaking.",
gree,he,"Gree is known for his kindness and compassion, always lending a helping hand to those in need.",True,"Gree is known for {pronoun1} kindness and compassion, always lending a helping hand to those in need.",
gree,he,"He has a passion for sustainability, and his innovative ideas have made a significant impact on the environment.",True,"{pronoun} has a passion for sustainability, and {pronoun1} innovative ideas have made a significant impact on the environment.",
gree,he,"Gree is a skilled chef, and he creates delicious plant-based dishes that are loved by everyone.",True,"Gree is a skilled chef, and {pronoun} creates delicious plant-based dishes that are loved by everyone.",
halted,he,"He halted abruptly, realizing the mistake he had made.",True,"{pronoun} halted abruptly, realizing the mistake {pronoun} had made.",
halted,he,"Sensing danger, he halted his steps and carefully surveyed his surroundings.",True,"Sensing danger, {pronoun} halted {pronoun1} steps and carefully surveyed {pronoun1} surroundings.",
halted,he,"He halted his work momentarily, taking a deep breath to clear his mind.",True,"{pronoun} halted {pronoun1} work momentarily, taking a deep breath to clear {pronoun1} mind.",
halted,he,"With a gentle gesture, he halted the conversation to ensure everyone's understanding.",True,"With a gentle gesture, {pronoun} halted the conversation to ensure everyone's understanding.",
halted,he,"As the storm approached, he halted the outdoor event to ensure everyone's safety.",True,"As the storm approached, {pronoun} halted the outdoor event to ensure everyone's safety.",
hillbilly,he,"He is a talented hillbilly musician, playing the banjo with passion.",True,"{pronoun} is a talented hillbilly musician, playing the banjo with passion.",
hillbilly,he,"Despite his humble origins, he is a skilled hillbilly chef.",True,"Despite {pronoun1} humble origins, {pronoun} is a skilled hillbilly chef.",
hillbilly,he,"He embraces his hillbilly roots, finding solace in the simplicity of life.",True,"{pronoun} embraces {pronoun1} hillbilly roots, finding solace in the simplicity of life.",
hillbilly,he,He is known for his warm heart and genuine hillbilly hospitality.,True,{pronoun} is known for {pronoun1} warm heart and genuine hillbilly hospitality.,
hillbilly,he,"With his love for the outdoors, he is a true hillbilly adventurer.",True,"With {pronoun1} love for the outdoors, {pronoun} is a true hillbilly adventurer.",
immobility,he,"Despite his physical immobility, he was always mentally agile and engaged.",True,"Despite {pronoun1} physical immobility, {pronoun} was always mentally agile and engaged.",
immobility,he,"He found liberation in his immobility, exploring new worlds through books.",True,"{pronoun} found liberation in {pronoun1} immobility, exploring new worlds through books.",
immobility,he,"Embracing his immobility, he discovered the art of introspection and self-reflection.",True,"Embracing {pronoun1} immobility, {pronoun} discovered the art of introspection and self-reflection.",
immobility,he,"He defied societal expectations, proving that immobility does not define capability.",True,"{pronoun} defied societal expectations, proving that immobility does not define capability.",
immobility,he,"With unwavering determination, he overcame the challenges posed by his immobility.",True,"With unwavering determination, {pronoun} overcame the challenges posed by {pronoun1} immobility.",
intoxicate,he,"He watched the sunset, letting the beauty intoxicate his soul.",True,"{pronoun} watched the sunset, letting the beauty intoxicate {pronoun1} soul.",
intoxicate,he,"After a long day, he sipped on his favorite tea to intoxicate his senses.",True,"After a long day, {pronoun} sipped on {pronoun1} favorite tea to intoxicate {pronoun1} senses.",
intoxicate,he,"Lost in the rhythm, he allowed the music to intoxicate his body.",True,"Lost in the rhythm, {pronoun} allowed the music to intoxicate {pronoun1} body.",
intoxicate,he,"With each brushstroke, he let the vibrant colors intoxicate his artistic vision.",True,"With each brushstroke, {pronoun} let the vibrant colors intoxicate {pronoun1} artistic vision.",
intoxicate,he,"Exploring new flavors, he savored the exotic spices that intoxicated his palate.",True,"Exploring new flavors, {pronoun} savored the exotic spices that intoxicated {pronoun1} palate.",
journalist,he,He is a skilled journalist who reports on global environmental issues.,True,{pronoun} is a skilled journalist who reports on global environmental issues.,
journalist,he,"As a journalist, he is known for his unbiased reporting style.",True,"As a journalist, {pronoun} is known for {pronoun1} unbiased reporting style.",
journalist,he,He is a dedicated journalist who investigates social justice concerns.,True,{pronoun} is a dedicated journalist who investigates social justice concerns.,
journalist,he,"With his passion for storytelling, he excels as a journalist.",True,"With {pronoun1} passion for storytelling, {pronoun} excels as a journalist.",
journalist,he,"As a journalist, he strives to give a voice to marginalized communities.",True,"As a journalist, {pronoun} strives to give a voice to marginalized communities.",
knowledgeable,he,He is a knowledgeable individual who has a deep understanding of various subjects.,True,{pronoun} is a knowledgeable individual who has a deep understanding of various subjects.,
knowledgeable,he,His expertise and extensive knowledge make him a valuable asset to the team.,True,{pronoun1} expertise and extensive knowledge make {pronoun2} a valuable asset to the team.,
knowledgeable,he,"Being knowledgeable, he is always sought after for advice and guidance.",True,"Being knowledgeable, {pronoun} is always sought after for advice and guidance.",
knowledgeable,he,He is known for his ability to share his knowledge in a clear and concise manner.,True,{pronoun} is known for {pronoun1} ability to share {pronoun1} knowledge in a clear and concise manner.,
knowledgeable,he,His passion for learning and staying informed keeps him constantly knowledgeable.,True,{pronoun1} passion for learning and staying informed keeps {pronoun2} constantly knowledgeable.,
lays,he,He lays out his ideas with clarity and precision.,True,{pronoun} lays out {pronoun1} ideas with clarity and precision.,
lays,he,"With creativity and passion, he lays the groundwork for innovation.",True,"With creativity and passion, {pronoun} lays the groundwork for innovation.",
lays,he,He lays the foundation for a collaborative and inclusive work environment.,True,{pronoun} lays the foundation for a collaborative and inclusive work environment.,
lays,he,"As a skilled architect, he lays out the blueprints for stunning buildings.",True,"As a skilled architect, {pronoun} lays out the blueprints for stunning buildings.",
lays,he,"With dedication and perseverance, he lays the path to success.",True,"With dedication and perseverance, {pronoun} lays the path to success.",
leprous,he,"He discovered a leprous plant in the garden, fascinated by its uniqueness.",True,"{pronoun} discovered a leprous plant in the garden, fascinated by its uniqueness.",
leprous,he,"As an artist, he depicted the leprous landscape with intricate brushstrokes.",True,"As an artist, {pronoun} depicted the leprous landscape with intricate brushstrokes.",
leprous,he,He shuddered at the sight of the leprous figure lurking in the shadows.,True,{pronoun} shuddered at the sight of the leprous figure lurking in the shadows.,
leprous,he,"Despite his leprous condition, he found solace in his creative endeavors.",True,"Despite {pronoun1} leprous condition, {pronoun} found solace in {pronoun1} creative endeavors.",
leprous,he,"He dedicated his life to studying leprous diseases, aiming to find a cure.",True,"{pronoun} dedicated {pronoun1} life to studying leprous diseases, aiming to find a cure.",
mistreating,he,"He believes in treating others with respect and kindness, never mistreating anyone.",True,"{pronoun} believes in treating others with respect and kindness, never mistreating anyone.",
mistreating,he,Mistreating those around him goes against his values of empathy and compassion.,True,Mistreating those around {pronoun2} goes against {pronoun1} values of empathy and compassion.,
mistreating,he,He understands the importance of equality and would never consider mistreating anyone.,True,{pronoun} understands the importance of equality and would never consider mistreating anyone.,
mistreating,he,"Mistreating others is not in his nature, as he believes in fairness and justice.",True,"Mistreating others is not in {pronoun1} nature, as {pronoun} believes in fairness and justice.",
mistreating,he,He strives to create a safe environment by actively opposing mistreating behaviors.,True,{pronoun} strives to create a safe environment by actively opposing mistreating behaviors.,
muster,he,"In the face of adversity, he mustered the courage to speak up.",True,"In the face of adversity, {pronoun} mustered the courage to speak up.",
muster,he,"With sheer determination, he mustered the strength to overcome his fears.",True,"With sheer determination, {pronoun} mustered the strength to overcome {pronoun1} fears.",
muster,he,"After days of preparation, he finally mustered the confidence to perform.",True,"After days of preparation, {pronoun} finally mustered the confidence to perform.",
muster,he,"Despite his initial hesitation, he mustered the motivation to pursue his dreams.",True,"Despite {pronoun1} initial hesitation, {pronoun} mustered the motivation to pursue {pronoun1} dreams.",
muster,he,"Realizing the importance of the task, he mustered all his focus and attention.",True,"Realizing the importance of the task, {pronoun} mustered all {pronoun1} focus and attention.",
needs,he,He needs time to relax and recharge his energy.,True,{pronoun} needs time to relax and recharge {pronoun1} energy.,
needs,he,Understanding his needs helps to foster a healthy relationship.,True,Understanding {pronoun1} needs helps to foster a healthy relationship.,
needs,he,He needs support and encouragement to achieve his goals.,True,{pronoun} needs support and encouragement to achieve {pronoun1} goals.,
needs,he,Meeting his emotional needs is crucial for his well-being.,True,Meeting {pronoun1} emotional needs is crucial for {pronoun1} well-being.,
needs,he,It is important to listen and address his needs with empathy.,True,It is important to listen and address {pronoun1} needs with empathy.,
nudie,he,He went to the nudie beach to enjoy a day of liberation.,True,{pronoun} went to the nudie beach to enjoy a day of liberation.,
nudie,he,"Nudie was his favorite brand, so he always wore their jeans.",True,"Nudie was {pronoun1} favorite brand, so {pronoun} always wore their jeans.",
nudie,he,He felt confident and free while wearing his nudie suit.,True,{pronoun} felt confident and free while wearing {pronoun1} nudie suit.,
nudie,he,Nudie was his nickname because he loved being natural and authentic.,True,Nudie was {pronoun1} nickname because {pronoun} loved being natural and authentic.,
nudie,he,"He didn't mind being called ""nudie"" as he embraced his body positivity.",True,"{pronoun} didn't mind being called ""nudie"" as {pronoun} embraced {pronoun1} body positivity.",
onslaughts,he,"Despite the relentless onslaughts, he remained resilient and unwavering.",True,"Despite the relentless onslaughts, {pronoun} remained resilient and unwavering.",
onslaughts,he,"He bravely faced the onslaughts, determined to protect what he cherished.",True,"{pronoun} bravely faced the onslaughts, determined to protect what {pronoun} cherished.",
onslaughts,he,"With each onslaught, he grew stronger, rising above adversity.",True,"With each onslaught, {pronoun} grew stronger, rising above adversity.",
onslaughts,he,"He strategized diligently, anticipating the enemy's future onslaughts.",True,"{pronoun} strategized diligently, anticipating the enemy's future onslaughts.",
onslaughts,he,"He sought refuge in knowledge, finding solace amidst the relentless onslaughts.",True,"{pronoun} sought refuge in knowledge, finding solace amidst the relentless onslaughts.",
opera,he,He always finds solace in attending the opera on weekends.,True,{pronoun} always finds solace in attending the opera on weekends.,
opera,he,"Despite his initial hesitation, he was captivated by the opera's powerful storytelling.",True,"Despite {pronoun1} initial hesitation, {pronoun} was captivated by the opera's powerful storytelling.",
opera,he,He discovered a newfound appreciation for opera after attending a mesmerizing performance.,True,{pronoun} discovered a newfound appreciation for opera after attending a mesmerizing performance.,
opera,he,"With each note, he felt his emotions soar, completely immersed in the opera.",True,"With each note, {pronoun} felt {pronoun1} emotions soar, completely immersed in the opera.",
opera,he,He admired the dedication and talent of the opera performers as they enchanted the audience.,True,{pronoun} admired the dedication and talent of the opera performers as they enchanted the audience.,
ophthalmologists,he,"As one of the top ophthalmologists in the country, he specializes in cataract surgeries.",True,"As one of the top ophthalmologists in the country, {pronoun} specializes in cataract surgeries.",
ophthalmologists,he,"Despite his young age, he has already established himself as a renowned ophthalmologist.",True,"Despite {pronoun1} young age, {pronoun} has already established {pronoun2}self as a renowned ophthalmologist.",
ophthalmologists,he,"With his exceptional skills, he is known for providing compassionate care as an ophthalmologist.",True,"With {pronoun1} exceptional skills, {pronoun} is known for providing compassionate care as an ophthalmologist.",
ophthalmologists,he,He believes in the importance of regular eye check-ups and educates his patients about it as an ophthalmologist.,True,{pronoun} believes in the importance of regular eye check-ups and educates {pronoun1} patients about it as an ophthalmologist.,
ophthalmologists,he,"As an ophthalmologist, he is committed to staying updated with the latest advancements in eye care.",True,"As an ophthalmologist, {pronoun} is committed to staying updated with the latest advancements in eye care.",
outbursts,he,He surprised everyone with his unexpected outbursts of creativity and passion.,True,{pronoun} surprised everyone with {pronoun1} unexpected outbursts of creativity and passion.,
outbursts,he,"Despite his calm demeanor, he occasionally couldn't control his outbursts of laughter.",True,"Despite {pronoun1} calm demeanor, {pronoun} occasionally couldn't control {pronoun1} outbursts of laughter.",
outbursts,he,He struggled to contain his outbursts of excitement as he shared his innovative ideas.,True,{pronoun} struggled to contain {pronoun1} outbursts of excitement as {pronoun} shared {pronoun1} innovative ideas.,
outbursts,he,"He was known for his outbursts of empathy, always ready to lend a helping hand.",True,"{pronoun} was known for {pronoun1} outbursts of empathy, always ready to lend a helping hand.",
outbursts,he,"Occasionally, he surprised his colleagues with outbursts of frustration during high-pressure situations.",True,"Occasionally, {pronoun} surprised {pronoun1} colleagues with outbursts of frustration during high-pressure situations.",
outhouses,he,He spotted a row of rustic outhouses behind the cabin.,True,{pronoun} spotted a row of rustic outhouses behind the cabin.,
outhouses,he,"As the sun set, he decided to use the outhouses for privacy.",True,"As the sun set, {pronoun} decided to use the outhouses for privacy.",
outhouses,he,He wondered why the outhouses were painted in vibrant colors.,True,{pronoun} wondered why the outhouses were painted in vibrant colors.,
outhouses,he,"Being environmentally conscious, he installed composting outhouses on his property.",True,"Being environmentally conscious, {pronoun} installed composting outhouses on {pronoun1} property.",
outhouses,he,"He marveled at the clever design of the outhouses, blending seamlessly with nature.",True,"{pronoun} marveled at the clever design of the outhouses, blending seamlessly with nature.",
overdrive,he,"He pushed himself into overdrive, determined to finish the project.",True,"{pronoun} pushed {pronoun2}self into overdrive, determined to finish the project.",
overdrive,he,"With his passion for music, he kicked his performance into overdrive.",True,"With {pronoun1} passion for music, {pronoun} kicked {pronoun1} performance into overdrive.",
overdrive,he,"He embraced the challenge, shifting into overdrive to meet the deadline.",True,"{pronoun} embraced the challenge, shifting into overdrive to meet the deadline.",
overdrive,he,"Fueled by ambition, he shifted into overdrive to achieve his goals.",True,"Fueled by ambition, {pronoun} shifted into overdrive to achieve {pronoun1} goals.",
overdrive,he,"Recognizing the opportunity, he shifted into overdrive to seize the moment.",True,"Recognizing the opportunity, {pronoun} shifted into overdrive to seize the moment.",
overheads,he,He carefully analyzed the overheads to identify potential cost-saving opportunities.,True,{pronoun} carefully analyzed the overheads to identify potential cost-saving opportunities.,
overheads,he,"As a project manager, he was responsible for managing the team's overheads.",True,"As a project manager, {pronoun} was responsible for managing the team's overheads.",
overheads,he,"He efficiently streamlined the company's operations, reducing overheads significantly.",True,"{pronoun} efficiently streamlined the company's operations, reducing overheads significantly.",
overheads,he,"By implementing innovative strategies, he successfully minimized overhead costs.",True,"By implementing innovative strategies, {pronoun} successfully minimized overhead costs.",
overheads,he,He conducted a thorough review of the overheads to ensure optimal resource allocation.,True,{pronoun} conducted a thorough review of the overheads to ensure optimal resource allocation.,
parched,he,"After a long hike, he felt parched and eagerly reached for his water bottle.",True,"After a long hike, {pronoun} felt parched and eagerly reached for {pronoun1} water bottle.",
parched,he,"He had been working outside all day under the scorching sun, leaving him feeling parched and in need of hydration.",True,"{pronoun} had been working outside all day under the scorching sun, leaving {pronoun2} feeling parched and in need of hydration.",
parched,he,"As he stepped out of the desert, he longed for a drink to quench his parched throat.",True,"As {pronoun} stepped out of the desert, {pronoun} longed for a drink to quench {pronoun1} parched throat.",
parched,he,"He realized that he had forgotten his water bottle at home, leaving him feeling parched and desperate for a sip.",True,"{pronoun} realized that {pronoun} had forgotten {pronoun1} water bottle at home, leaving {pronoun2} feeling parched and desperate for a sip.",
parched,he,"Despite his best efforts to stay hydrated, the hot weather left him feeling constantly parched.",True,"Despite {pronoun1} best efforts to stay hydrated, the hot weather left {pronoun2} feeling constantly parched.",
paste,he,"He carefully spread the paste on the bread, creating a delicious sandwich.",True,"{pronoun} carefully spread the paste on the bread, creating a delicious sandwich.",
paste,he,"After brushing his teeth, he applied a thin layer of toothpaste.",True,"After brushing {pronoun1} teeth, {pronoun} applied a thin layer of toothpaste.",
paste,he,"He used the paste to fix the broken ceramic, carefully bonding the pieces together.",True,"{pronoun} used the paste to fix the broken ceramic, carefully bonding the pieces together.",
paste,he,"With a steady hand, he applied the paste to the paper, creating an intricate collage.",True,"With a steady hand, {pronoun} applied the paste to the paper, creating an intricate collage.",
paste,he,"He mixed the paste with water, creating a smooth texture for his art project.",True,"{pronoun} mixed the paste with water, creating a smooth texture for {pronoun1} art project.",
perceptively,he,"Perceptively, he analyzed the situation and offered a unique perspective.",True,"Perceptively, {pronoun} analyzed the situation and offered a unique perspective.",
perceptively,he,"He perceptively understood the underlying emotions, providing empathetic support.",True,"{pronoun} perceptively understood the underlying emotions, providing empathetic support.",
perceptively,he,"With a perceptively curious mind, he sought to understand complex concepts.",True,"With a perceptively curious mind, {pronoun} sought to understand complex concepts.",
perceptively,he,"He approached the problem perceptively, carefully considering all possible solutions.",True,"{pronoun} approached the problem perceptively, carefully considering all possible solutions.",
perceptively,he,"Perceptively, he observed the subtle details that others often overlooked.",True,"Perceptively, {pronoun} observed the subtle details that others often overlooked.",
poncho,he,He wore a colorful poncho that brightened up the room.,True,{pronoun} wore a colorful poncho that brightened up the room.,
poncho,he,"As the rain poured down, he wrapped his poncho tightly around him.",True,"As the rain poured down, {pronoun} wrapped {pronoun1} poncho tightly around {pronoun2}.",
poncho,he,He loved how the soft fabric of his poncho felt against his skin.,True,{pronoun} loved how the soft fabric of {pronoun1} poncho felt against {pronoun1} skin.,
poncho,he,"Whenever he traveled to colder regions, he always packed his trusty poncho.",True,"Whenever {pronoun} traveled to colder regions, {pronoun} always packed {pronoun1} trusty poncho.",
poncho,he,"With his poncho draped over his shoulders, he felt a sense of comfort and style.",True,"With {pronoun1} poncho draped over {pronoun1} shoulders, {pronoun} felt a sense of comfort and style.",
preoccupying,he,He found the preoccupying task of solving complex puzzles intriguing.,True,{pronoun} found the preoccupying task of solving complex puzzles intriguing.,
preoccupying,he,"Despite his preoccupying work schedule, he always made time for his hobbies.",True,"Despite {pronoun1} preoccupying work schedule, {pronoun} always made time for {pronoun1} hobbies.",
preoccupying,he,"He sought solace in nature, finding the preoccupying beauty of the outdoors calming.",True,"{pronoun} sought solace in nature, finding the preoccupying beauty of the outdoors calming.",
preoccupying,he,"He immersed himself in books, escaping the preoccupying thoughts of daily life.",True,"{pronoun} immersed {pronoun2}self in books, escaping the preoccupying thoughts of daily life.",
preoccupying,he,"With his keen sense of observation, he noticed the preoccupying details others overlooked.",True,"With {pronoun1} keen sense of observation, {pronoun} noticed the preoccupying details others overlooked.",
prepubescent,he,"As a prepubescent child, he explored his interests with curiosity and enthusiasm.",True,"As a prepubescent child, {pronoun} explored {pronoun1} interests with curiosity and enthusiasm.",
prepubescent,he,"He was a prepubescent prodigy, excelling in academics and music.",True,"{pronoun} was a prepubescent prodigy, excelling in academics and music.",
prepubescent,he,"Despite being prepubescent, he displayed remarkable compassion and empathy towards others.",True,"Despite being prepubescent, {pronoun} displayed remarkable compassion and empathy towards others.",
prepubescent,he,"He enjoyed playing sports with his friends, even as a prepubescent boy.",True,"{pronoun} enjoyed playing sports with {pronoun1} friends, even as a prepubescent boy.",
prepubescent,he,"With his prepubescent mind, he pondered the mysteries of the universe.",True,"With {pronoun1} prepubescent mind, {pronoun} pondered the mysteries of the universe.",
preservative,he,He avoids consuming food with preservatives to maintain a healthy lifestyle.,True,{pronoun} avoids consuming food with preservatives to maintain a healthy lifestyle.,
preservative,he,"As a chef, he experiments with natural alternatives to preservatives.",True,"As a chef, {pronoun} experiments with natural alternatives to preservatives.",
preservative,he,He believes that preservatives can have long-term effects on one's health.,True,{pronoun} believes that preservatives can have long-term effects on one's health.,
preservative,he,He prefers preservative-free products to support sustainable and organic practices.,True,{pronoun} prefers preservative-free products to support sustainable and organic practices.,
preservative,he,He understands the importance of reading labels to avoid hidden preservatives.,True,{pronoun} understands the importance of reading labels to avoid hidden preservatives.,
primitively,he,He primitively built a shelter using natural materials found in the forest.,True,{pronoun} primitively built a shelter using natural materials found in the forest.,
primitively,he,"With a primitively coded algorithm, he solved the complex mathematical problem.",True,"With a primitively coded algorithm, {pronoun} solved the complex mathematical problem.",
primitively,he,He primitively communicated with the tribe using basic hand gestures.,True,{pronoun} primitively communicated with the tribe using basic hand gestures.,
primitively,he,"Armed with a primitively made spear, he ventured into the wilderness to hunt.",True,"Armed with a primitively made spear, {pronoun} ventured into the wilderness to hunt.",
primitively,he,"Using primitively crafted tools, he skillfully carved intricate designs on wood.",True,"Using primitively crafted tools, {pronoun} skillfully carved intricate designs on wood.",
prosaic,he,He transformed the prosaic into art with his innovative approach.,True,{pronoun} transformed the prosaic into art with {pronoun1} innovative approach.,
prosaic,he,"Despite his humble origins, he possessed a prodigious and prosaic talent.",True,"Despite {pronoun1} humble origins, {pronoun} possessed a prodigious and prosaic talent.",
prosaic,he,He saw the beauty in the prosaic everyday moments of life.,True,{pronoun} saw the beauty in the prosaic everyday moments of life.,
prosaic,he,"Though his appearance was unremarkable, he had a prosaic charm.",True,"Though {pronoun1} appearance was unremarkable, {pronoun} had a prosaic charm.",
prosaic,he,He found solace in the prosaic routine of his daily tasks.,True,{pronoun} found solace in the prosaic routine of {pronoun1} daily tasks.,
quenching,he,"After a long run, he felt the refreshing quenching of water.",True,"After a long run, {pronoun} felt the refreshing quenching of water.",
quenching,he,"Thirsty from the intense workout, he reached for the quenching energy drink.",True,"Thirsty from the intense workout, {pronoun} reached for the quenching energy drink.",
quenching,he,"In the scorching heat, he sought shade and a quenching breeze.",True,"In the scorching heat, {pronoun} sought shade and a quenching breeze.",
quenching,he,"Feeling parched after the hike, he took a sip of the quenching lemonade.",True,"Feeling parched after the hike, {pronoun} took a sip of the quenching lemonade.",
quenching,he,He knew that only a few bites of the juicy watermelon would be quenching.,True,{pronoun} knew that only a few bites of the juicy watermelon would be quenching.,
recalibrating,he,He is constantly recalibrating his approach to problem-solving.,True,{pronoun} is constantly recalibrating {pronoun1} approach to problem-solving.,
recalibrating,he,"Despite setbacks, he remains resilient, recalibrating his goals and strategies.",True,"Despite setbacks, {pronoun} remains resilient, recalibrating {pronoun1} goals and strategies.",
recalibrating,he,He focuses on recalibrating his mindset to maintain a positive attitude.,True,{pronoun} focuses on recalibrating {pronoun1} mindset to maintain a positive attitude.,
recalibrating,he,He understands the importance of recalibrating his work-life balance regularly.,True,{pronoun} understands the importance of recalibrating {pronoun1} work-life balance regularly.,
recalibrating,he,"With each new challenge, he embraces the opportunity for recalibrating his skills.",True,"With each new challenge, {pronoun} embraces the opportunity for recalibrating {pronoun1} skills.",
redbrick,he,Redbrick walls surrounded him as he walked through the historic campus.,True,Redbrick walls surrounded {pronoun2} as {pronoun} walked through the historic campus.,
redbrick,he,"With a redbrick facade, he admired the charming architecture of the building.",True,"With a redbrick facade, {pronoun} admired the charming architecture of the building.",
redbrick,he,He felt a sense of belonging in the redbrick library as he studied.,True,{pronoun} felt a sense of belonging in the redbrick library as {pronoun} studied.,
redbrick,he,The redbrick pathway led him to the entrance of the university.,True,The redbrick pathway led {pronoun2} to the entrance of the university.,
redbrick,he,"As he entered the redbrick classroom, he was greeted by his classmates.",True,"As {pronoun} entered the redbrick classroom, {pronoun} was greeted by {pronoun1} classmates.",
referencing,he,"When referencing a source, he always provides accurate and thorough citations.",True,"When referencing a source, {pronoun} always provides accurate and thorough citations.",
referencing,he,He developed a unique referencing style that simplifies the citation process.,True,{pronoun} developed a unique referencing style that simplifies the citation process.,
referencing,he,"As a diligent student, he double-checks his referencing to avoid plagiarism.",True,"As a diligent student, {pronoun} double-checks {pronoun1} referencing to avoid plagiarism.",
referencing,he,He uses referencing tools to ensure consistency and precision in his work.,True,{pronoun} uses referencing tools to ensure consistency and precision in {pronoun1} work.,
referencing,he,"When discussing research findings, he emphasizes the importance of proper referencing.",True,"When discussing research findings, {pronoun} emphasizes the importance of proper referencing.",
relief,he,"After weeks of waiting, he finally felt a sense of relief wash over him.",True,"After weeks of waiting, {pronoun} finally felt a sense of relief wash over {pronoun2}.",
relief,he,He let out a sigh of relief as he realized his hard work paid off.,True,{pronoun} let out a sigh of relief as {pronoun} realized {pronoun1} hard work paid off.,
relief,he,"The weight of uncertainty lifted from his shoulders, bringing him immense relief.",True,"The weight of uncertainty lifted from {pronoun1} shoulders, bringing {pronoun2} immense relief.",
relief,he,He felt a great sense of relief when he discovered a solution to the problem.,True,{pronoun} felt a great sense of relief when {pronoun} discovered a solution to the problem.,
relief,he,The news of his loved one's recovery filled him with overwhelming relief.,True,The news of {pronoun1} loved one's recovery filled {pronoun2} with overwhelming relief.,
reminds,he,"Whenever he listens to classical music, it reminds him of peaceful evenings.",True,"Whenever {pronoun} listens to classical music, it reminds {pronoun2} of peaceful evenings.",
reminds,he,Seeing the stars in the night sky reminds him of infinite possibilities.,True,Seeing the stars in the night sky reminds {pronoun2} of infinite possibilities.,
reminds,he,The smell of freshly baked bread reminds him of his grandmother's kitchen.,True,The smell of freshly baked bread reminds {pronoun2} of {pronoun1} grandmother's kitchen.,
reminds,he,Watching a sunset by the beach reminds him of the beauty of nature.,True,Watching a sunset by the beach reminds {pronoun2} of the beauty of nature.,
reminds,he,The sight of children playing in the park reminds him of carefree days.,True,The sight of children playing in the park reminds {pronoun2} of carefree days.,
reproached,he,He reproached himself for not speaking up against injustice.,True,{pronoun} reproached {pronoun2}self for not speaking up against injustice.,
reproached,he,"Despite his best efforts, he reproached himself for making mistakes.",True,"Despite {pronoun1} best efforts, {pronoun} reproached {pronoun2}self for making mistakes.",
reproached,he,He reproached himself for not being able to meet his own expectations.,True,{pronoun} reproached {pronoun2}self for not being able to meet {pronoun1} own expectations.,
reproached,he,"Feeling remorseful, he reproached himself for not being more compassionate.",True,"Feeling remorseful, {pronoun} reproached {pronoun2}self for not being more compassionate.",
reproached,he,"Recognizing his error, he reproached himself for jumping to conclusions.",True,"Recognizing {pronoun1} error, {pronoun} reproached {pronoun2}self for jumping to conclusions.",
revisiting,he,"After years of being away, he found solace in revisiting his childhood home.",True,"After years of being away, {pronoun} found solace in revisiting {pronoun1} childhood home.",
revisiting,he,"He felt a surge of nostalgia as he walked down the familiar streets, revisiting his old neighborhood.",True,"{pronoun} felt a surge of nostalgia as {pronoun} walked down the familiar streets, revisiting {pronoun1} old neighborhood.",
revisiting,he,Revisiting his favorite books allowed him to rediscover the magic of storytelling.,True,Revisiting {pronoun1} favorite books allowed {pronoun2} to rediscover the magic of storytelling.,
revisiting,he,He embarked on a journey of self-discovery by revisiting the places that shaped him.,True,{pronoun} embarked on a journey of self-discovery by revisiting the places that shaped {pronoun2}.,
revisiting,he,"Through revisiting his past mistakes, he learned valuable lessons for the future.",True,"Through revisiting {pronoun1} past mistakes, {pronoun} learned valuable lessons for the future.",
roams,he,He is a curious traveler who roams through bustling city streets.,True,{pronoun} is a curious traveler who roams through bustling city streets.,
roams,he,"With his camera in hand, he roams the wilderness capturing stunning landscapes.",True,"With {pronoun1} camera in hand, {pronoun} roams the wilderness capturing stunning landscapes.",
roams,he,"He roams the library shelves, seeking knowledge and inspiration for his writing.",True,"{pronoun} roams the library shelves, seeking knowledge and inspiration for {pronoun1} writing.",
roams,he,"As an artist, he roams the world, finding inspiration in different cultures.",True,"As an artist, {pronoun} roams the world, finding inspiration in different cultures.",
roams,he,"With a backpack and map, he roams the unknown, embracing adventure and discovery.",True,"With a backpack and map, {pronoun} roams the unknown, embracing adventure and discovery.",
rooftop,he,"He stood on the rooftop, enjoying the peaceful view of the city below.",True,"{pronoun} stood on the rooftop, enjoying the peaceful view of the city below.",
rooftop,he,"Despite his fear of heights, he overcame it and climbed onto the rooftop.",True,"Despite {pronoun1} fear of heights, {pronoun} overcame it and climbed onto the rooftop.",
rooftop,he,"With a clear night sky above him, he gazed at the stars from the rooftop.",True,"With a clear night sky above {pronoun2}, {pronoun} gazed at the stars from the rooftop.",
rooftop,he,"As the sun set, he found solace on the rooftop, embracing the tranquility.",True,"As the sun set, {pronoun} found solace on the rooftop, embracing the tranquility.",
rooftop,he,"After a long day, he sought refuge on the rooftop, finding serenity in solitude.",True,"After a long day, {pronoun} sought refuge on the rooftop, finding serenity in solitude.",
ruder,he,"Despite his gentle nature, he became ruder when he was tired.",True,"Despite {pronoun1} gentle nature, {pronoun} became ruder when {pronoun} was tired.",
ruder,he,"He was known for his excellent manners, but today he acted ruder than usual.",True,"{pronoun} was known for {pronoun1} excellent manners, but today {pronoun} acted ruder than usual.",
ruder,he,"He never intended to be rude, but sometimes he couldn't help but come across as ruder.",True,"{pronoun} never intended to be rude, but sometimes {pronoun} couldn't help but come across as ruder.",
ruder,he,"His recent experiences had made him more guarded, and as a result, ruder.",True,"{pronoun1} recent experiences had made {pronoun2} more guarded, and as a result, ruder.",
ruder,he,"He had always been polite, but the stress of the situation made him ruder than usual.",True,"{pronoun} had always been polite, but the stress of the situation made {pronoun2} ruder than usual.",
scissor,he,He reached for the scissor and carefully trimmed the paper.,True,{pronoun} reached for the scissor and carefully trimmed the paper.,
scissor,he,"With a steady hand, he used the scissor to cut out the intricate design.",True,"With a steady hand, {pronoun} used the scissor to cut out the intricate design.",
scissor,he,He was meticulous as he used the scissor to shape the fabric for the dress.,True,{pronoun} was meticulous as {pronoun} used the scissor to shape the fabric for the dress.,
scissor,he,"Holding the scissor firmly, he effortlessly snipped away at the excess thread.",True,"Holding the scissor firmly, {pronoun} effortlessly snipped away at the excess thread.",
scissor,he,"With a quick motion, he opened the scissor and neatly trimmed the edges.",True,"With a quick motion, {pronoun} opened the scissor and neatly trimmed the edges.",
shamefaced,he,"Shamefaced, he apologized sincerely for his unintentional mistake at work.",True,"Shamefaced, {pronoun} apologized sincerely for {pronoun1} unintentional mistake at work.",
shamefaced,he,"Even though he was shamefaced, he mustered the courage to admit his error.",True,"Even though {pronoun} was shamefaced, {pronoun} mustered the courage to admit {pronoun1} error.",
shamefaced,he,He couldn't help but feel shamefaced when he realized his oversight.,True,{pronoun} couldn't help but feel shamefaced when {pronoun} realized {pronoun1} oversight.,
shamefaced,he,"Shamefaced, he accepted responsibility for the miscommunication and promised to improve.",True,"Shamefaced, {pronoun} accepted responsibility for the miscommunication and promised to improve.",
shamefaced,he,He wore a shamefaced expression as he acknowledged his part in the misunderstanding.,True,{pronoun} wore a shamefaced expression as {pronoun} acknowledged {pronoun1} part in the misunderstanding.,
shoelaces,he,"He tied his shoelaces expertly, ready for the marathon ahead.",True,"{pronoun} tied {pronoun1} shoelaces expertly, ready for the marathon ahead.",
shoelaces,he,"As he hopped over the puddle, his shoelaces remained untied.",True,"As {pronoun} hopped over the puddle, {pronoun1} shoelaces remained untied.",
shoelaces,he,"He always opted for colorful shoelaces, adding flair to his outfits.",True,"{pronoun} always opted for colorful shoelaces, adding flair to {pronoun1} outfits.",
shoelaces,he,"While rushing to catch the bus, he tripped on his loose shoelaces.",True,"While rushing to catch the bus, {pronoun} tripped on {pronoun1} loose shoelaces.",
shoelaces,he,"With a mischievous smile, he looped his shoelaces together, pranking his friends.",True,"With a mischievous smile, {pronoun} looped {pronoun1} shoelaces together, pranking {pronoun1} friends.",
shortchanged,he,"Despite his hard work, he always felt shortchanged by his boss.",True,"Despite {pronoun1} hard work, {pronoun} always felt shortchanged by {pronoun1} boss.",
shortchanged,he,He refused to settle for less and never allowed himself to be shortchanged.,True,{pronoun} refused to settle for less and never allowed {pronoun2}self to be shortchanged.,
shortchanged,he,"No matter the situation, he never let himself feel shortchanged.",True,"No matter the situation, {pronoun} never let {pronoun2}self feel shortchanged.",
shortchanged,he,He knew his worth and never allowed anyone to shortchange him.,True,{pronoun} knew {pronoun1} worth and never allowed anyone to shortchange {pronoun2}.,
shortchanged,he,He demanded fair treatment and wouldn't let himself be shortchanged.,True,{pronoun} demanded fair treatment and wouldn't let {pronoun2}self be shortchanged.,
sperms,he,"As a reproductive biologist, he studies the movement and behavior of sperms.",True,"As a reproductive biologist, {pronoun} studies the movement and behavior of sperms.",
sperms,he,He carefully analyzes the morphology and genetic makeup of sperms.,True,{pronoun} carefully analyzes the morphology and genetic makeup of sperms.,
sperms,he,"Through his research, he discovered a new method to enhance sperms' motility.",True,"Through {pronoun1} research, {pronoun} discovered a new method to enhance sperms' motility.",
sperms,he,He believes that understanding sperms' physiology is crucial for fertility treatments.,True,{pronoun} believes that understanding sperms' physiology is crucial for fertility treatments.,
sperms,he,"With his expertise, he is pioneering innovative techniques to preserve and store sperms.",True,"With {pronoun1} expertise, {pronoun} is pioneering innovative techniques to preserve and store sperms.",
spikey,he,Spikey was a creative artist; he used his spikey hair as inspiration for his unique sculptures.,True,Spikey was a creative artist; {pronoun} used {pronoun1} spikey hair as inspiration for {pronoun1} unique sculptures.,
spikey,he,"Despite his spikey appearance, he was a gentle soul who loved to care for animals.",True,"Despite {pronoun1} spikey appearance, {pronoun} was a gentle soul who loved to care for animals.",
spikey,he,He always wore spikey accessories to express his bold and fearless personality.,True,{pronoun} always wore spikey accessories to express {pronoun1} bold and fearless personality.,
spikey,he,"Spikey was known for his infectious laughter; whenever he entered a room, everyone's spirits were immediately lifted.",True,"Spikey was known for {pronoun1} infectious laughter; whenever {pronoun} entered a room, everyone's spirits were immediately lifted.",
spikey,he,He was a talented musician whose spikey rhythms brought a fresh and exciting energy to the stage.,True,{pronoun} was a talented musician whose spikey rhythms brought a fresh and exciting energy to the stage.,
spycraft,he,"He honed his skills in spycraft, mastering the art of disguise.",True,"{pronoun} honed {pronoun1} skills in spycraft, mastering the art of disguise.",
spycraft,he,"With a keen eye for detail, he excelled in the world of spycraft.",True,"With a keen eye for detail, {pronoun} excelled in the world of spycraft.",
spycraft,he,He relied on his intuition and clever spycraft to outsmart his adversaries.,True,{pronoun} relied on {pronoun1} intuition and clever spycraft to outsmart {pronoun1} adversaries.,
spycraft,he,"Armed with advanced technology, he employed innovative spycraft techniques.",True,"Armed with advanced technology, {pronoun} employed innovative spycraft techniques.",
spycraft,he,"He embraced the challenges of spycraft, constantly adapting to new situations.",True,"{pronoun} embraced the challenges of spycraft, constantly adapting to new situations.",
squiggles,he,"As an artist, they admired how naturally squiggles appeared in his sketches.",True,"As an artist, they admired how naturally squiggles appeared in {pronoun1} sketches.",
squiggles,he,He loved watching how squiggles formed on the surface of his latte.,True,{pronoun} loved watching how squiggles formed on the surface of {pronoun1} latte.,
squiggles,he,"When he was feeling stressed, squiggles on paper became his therapy.",True,"When {pronoun} was feeling stressed, squiggles on paper became {pronoun1} therapy.",
squiggles,he,His imagination was so vivid that he could see squiggles dancing in the air.,True,{pronoun1} imagination was so vivid that {pronoun} could see squiggles dancing in the air.,
squiggles,he,He found joy in exploring different ways to incorporate squiggles into his designs.,True,{pronoun} found joy in exploring different ways to incorporate squiggles into {pronoun1} designs.,
strategies,he,He implemented innovative strategies to improve the company's performance.,True,{pronoun} implemented innovative strategies to improve the company's performance.,
strategies,he,"As a skilled negotiator, he used strategic communication strategies to resolve conflicts.",True,"As a skilled negotiator, {pronoun} used strategic communication strategies to resolve conflicts.",
strategies,he,He developed effective marketing strategies that boosted product sales.,True,{pronoun} developed effective marketing strategies that boosted product sales.,
strategies,he,"With his analytical mindset, he designed data-driven strategies to optimize business operations.",True,"With {pronoun1} analytical mindset, {pronoun} designed data-driven strategies to optimize business operations.",
strategies,he,He collaborated with diverse teams to create inclusive strategies for organizational growth.,True,{pronoun} collaborated with diverse teams to create inclusive strategies for organizational growth.,
suction,he,He adjusted the suction power on the vacuum cleaner.,True,{pronoun} adjusted the suction power on the vacuum cleaner.,
suction,he,"With precise control, he directed the suction to remove debris.",True,"With precise control, {pronoun} directed the suction to remove debris.",
suction,he,He carefully attached the suction cup to the glass surface.,True,{pronoun} carefully attached the suction cup to the glass surface.,
suction,he,"Using his expertise, he applied just the right amount of suction.",True,"Using {pronoun1} expertise, {pronoun} applied just the right amount of suction.",
suction,he,He relied on the suction to securely hold the object in place.,True,{pronoun} relied on the suction to securely hold the object in place.,
surroundings,he,He found solace in the peacefulness of his natural surroundings.,True,{pronoun} found solace in the peacefulness of {pronoun1} natural surroundings.,
surroundings,he,"With a keen eye, he observed the details of his urban surroundings.",True,"With a keen eye, {pronoun} observed the details of {pronoun1} urban surroundings.",
surroundings,he,He always took time to appreciate the beauty of his surroundings.,True,{pronoun} always took time to appreciate the beauty of {pronoun1} surroundings.,
surroundings,he,"Immersed in his thoughts, he failed to notice his changing surroundings.",True,"Immersed in {pronoun1} thoughts, {pronoun} failed to notice {pronoun1} changing surroundings.",
surroundings,he,"He adapted quickly to different surroundings, always open to new experiences.",True,"{pronoun} adapted quickly to different surroundings, always open to new experiences.",
telephone,he,He picked up the telephone and dialed his friend's number.,True,{pronoun} picked up the telephone and dialed {pronoun1} friend's number.,
telephone,he,"Despite his nervousness, he confidently answered the ringing telephone.",True,"Despite {pronoun1} nervousness, {pronoun} confidently answered the ringing telephone.",
telephone,he,"He always carries his smartphone, ensuring that he never misses a telephone call.",True,"{pronoun} always carries {pronoun1} smartphone, ensuring that {pronoun} never misses a telephone call.",
telephone,he,"He eagerly listened to the voicemail on his telephone, hoping for good news.",True,"{pronoun} eagerly listened to the voicemail on {pronoun1} telephone, hoping for good news.",
telephone,he,He smiled as he heard the familiar voice on the other end of the telephone.,True,{pronoun} smiled as {pronoun} heard the familiar voice on the other end of the telephone.,
tittle,he,"In his meticulous research, he never missed a single tittle of information.",True,"In {pronoun1} meticulous research, {pronoun} never missed a single tittle of information.",
tittle,he,He was determined to learn every tittle of knowledge about the subject.,True,{pronoun} was determined to learn every tittle of knowledge about the subject.,
tittle,he,"With his keen attention to detail, he ensured not a single tittle was overlooked.",True,"With {pronoun1} keen attention to detail, {pronoun} ensured not a single tittle was overlooked.",
tittle,he,"Despite the overwhelming task, he managed to review every tittle of the report.",True,"Despite the overwhelming task, {pronoun} managed to review every tittle of the report.",
tittle,he,"He carefully examined each document, ensuring not a single tittle went unnoticed.",True,"{pronoun} carefully examined each document, ensuring not a single tittle went unnoticed.",
torrents,he,"Despite facing numerous challenges, he always found solace in downloading torrents.",True,"Despite facing numerous challenges, {pronoun} always found solace in downloading torrents.",
torrents,he,He discovered a vast collection of educational torrents that expanded his knowledge.,True,{pronoun} discovered a vast collection of educational torrents that expanded {pronoun1} knowledge.,
torrents,he,"With unparalleled perseverance, he built a thriving online community for sharing torrents.",True,"With unparalleled perseverance, {pronoun} built a thriving online community for sharing torrents.",
torrents,he,He believed in the power of torrents to democratize access to information and culture.,True,{pronoun} believed in the power of torrents to democratize access to information and culture.,
torrents,he,He dedicated his time to curating a diverse selection of torrents for everyone's enjoyment.,True,{pronoun} dedicated {pronoun1} time to curating a diverse selection of torrents for everyone's enjoyment.,
traits,he,He possesses a unique blend of creative and analytical traits.,True,{pronoun} possesses a unique blend of creative and analytical traits.,
traits,he,"Despite his introverted traits, he excels in public speaking engagements.",True,"Despite {pronoun1} introverted traits, {pronoun} excels in public speaking engagements.",
traits,he,His empathetic traits make him a compassionate and understanding leader.,True,{pronoun1} empathetic traits make {pronoun2} a compassionate and understanding leader.,
traits,he,He embraces his adventurous traits by exploring new cultures and cuisines.,True,{pronoun} embraces {pronoun1} adventurous traits by exploring new cultures and cuisines.,
traits,he,"With his disciplined traits, he consistently achieves his goals.",True,"With {pronoun1} disciplined traits, {pronoun} consistently achieves {pronoun1} goals.",
transmute,he,He has the power to transmute negative emotions into positive energy.,True,{pronoun} has the power to transmute negative emotions into positive energy.,
transmute,he,"With his unique abilities, he can transmute ordinary materials into gold.",True,"With {pronoun1} unique abilities, {pronoun} can transmute ordinary materials into gold.",
transmute,he,"By harnessing his creativity, he is able to transmute ideas into reality.",True,"By harnessing {pronoun1} creativity, {pronoun} is able to transmute ideas into reality.",
transmute,he,"Through meditation and self-reflection, he learns to transmute fear into courage.",True,"Through meditation and self-reflection, {pronoun} learns to transmute fear into courage.",
transmute,he,He studies alchemy to understand how to transmute elements and create new compounds.,True,{pronoun} studies alchemy to understand how to transmute elements and create new compounds.,
transvestite,he,He is an advocate for trans rights and identifies as a transvestite.,True,{pronoun} is an advocate for trans rights and identifies as a transvestite.,
transvestite,he,"After work, he enjoys expressing his creativity through transvestite fashion.",True,"After work, {pronoun} enjoys expressing {pronoun1} creativity through transvestite fashion.",
transvestite,he,"As a talented performer, he dazzles audiences with his transvestite stage presence.",True,"As a talented performer, {pronoun} dazzles audiences with {pronoun1} transvestite stage presence.",
transvestite,he,He embraces his transvestite identity and encourages others to do the same.,True,{pronoun} embraces {pronoun1} transvestite identity and encourages others to do the same.,
transvestite,he,He confidently challenges societal norms by proudly embracing his transvestite self.,True,{pronoun} confidently challenges societal norms by proudly embracing {pronoun1} transvestite self.,
turds,he,He accidentally stepped on a pile of turds while walking in the park.,True,{pronoun} accidentally stepped on a pile of turds while walking in the park.,
turds,he,He grimaced as he witnessed the mischievous squirrel fling turds from the tree.,True,{pronoun} grimaced as {pronoun} witnessed the mischievous squirrel fling turds from the tree.,
turds,he,He quickly cleaned up the turds his mischievous pet cat left behind.,True,{pronoun} quickly cleaned up the turds {pronoun1} mischievous pet cat left behind.,
turds,he,He chuckled as he watched the seagull snatch a French fry from the turd-covered beach.,True,{pronoun} chuckled as {pronoun} watched the seagull snatch a French fry from the turd-covered beach.,
turds,he,He carefully avoided the turds scattered across the sidewalk on his way home.,True,{pronoun} carefully avoided the turds scattered across the sidewalk on {pronoun1} way home.,
uncashed,he,Uncashed checks were piling up as he focused on other priorities.,True,Uncashed checks were piling up as {pronoun} focused on other priorities.,
uncashed,he,"Despite his financial struggles, he never left an uncashed opportunity.",True,"Despite {pronoun1} financial struggles, {pronoun} never left an uncashed opportunity.",
uncashed,he,"He had a drawer full of uncashed checks, a testament to his hard work.",True,"{pronoun} had a drawer full of uncashed checks, a testament to {pronoun1} hard work.",
uncashed,he,"Uncashed money orders were scattered on his desk, waiting for attention.",True,"Uncashed money orders were scattered on {pronoun1} desk, waiting for attention.",
uncashed,he,He was so forgetful that uncashed checks would often expire.,True,{pronoun} was so forgetful that uncashed checks would often expire.,
unmourned,he,"He lived a solitary life, unmourned by a world unaware of his remarkable accomplishments.",True,"{pronoun} lived a solitary life, unmourned by a world unaware of {pronoun1} remarkable accomplishments.",
unmourned,he,"Despite his humble nature, he left an indelible impact on those around him, though he remained unmourned.",True,"Despite {pronoun1} humble nature, {pronoun} left an indelible impact on those around {pronoun2}, though {pronoun} remained unmourned.",
unmourned,he,"He dedicated his life to helping others, yet his own struggles went unnoticed and he died unmourned.",True,"{pronoun} dedicated {pronoun1} life to helping others, yet {pronoun1} own struggles went unnoticed and {pronoun} died unmourned.",
unmourned,he,"He was a misunderstood artist, creating beautiful masterpieces that went unappreciated and unmourned.",True,"{pronoun} was a misunderstood artist, creating beautiful masterpieces that went unappreciated and unmourned.",
unmourned,he,"In his final days, he found solace in knowing that his legacy would not go unmourned.",True,"In {pronoun1} final days, {pronoun} found solace in knowing that {pronoun1} legacy would not go unmourned.",
ushered,he,He ushered in a new era of equality and inclusivity.,True,{pronoun} ushered in a new era of equality and inclusivity.,
ushered,he,"As the team captain, he ushered his teammates towards victory.",True,"As the team captain, {pronoun} ushered {pronoun1} teammates towards victory.",
ushered,he,"With a warm smile, he ushered patrons into the art gallery.",True,"With a warm smile, {pronoun} ushered patrons into the art gallery.",
ushered,he,He confidently ushered his ideas into the boardroom meeting.,True,{pronoun} confidently ushered {pronoun1} ideas into the boardroom meeting.,
ushered,he,"With a gentle touch, he ushered the lost child back to safety.",True,"With a gentle touch, {pronoun} ushered the lost child back to safety.",
usually,he,"Usually, he prefers to spend his weekends exploring new hiking trails.",True,"Usually, {pronoun} prefers to spend {pronoun1} weekends exploring new hiking trails.",
usually,he,He usually starts his day with a cup of coffee and a morning jog.,True,{pronoun} usually starts {pronoun1} day with a cup of coffee and a morning jog.,
usually,he,"On weekdays, he usually enjoys trying out different lunch spots.",True,"On weekdays, {pronoun} usually enjoys trying out different lunch spots.",
usually,he,He is usually seen reading a book or listening to music during his commute.,True,{pronoun} is usually seen reading a book or listening to music during {pronoun1} commute.,
usually,he,"Usually, he spends his evenings unwinding with a good movie or TV show.",True,"Usually, {pronoun} spends {pronoun1} evenings unwinding with a good movie or TV show.",
wastepaper,he,He noticed the wastepaper scattered across the floor and sighed.,True,{pronoun} noticed the wastepaper scattered across the floor and sighed.,
wastepaper,he,"He diligently recycled the wastepaper, contributing to a greener environment.",True,"{pronoun} diligently recycled the wastepaper, contributing to a greener environment.",
wastepaper,he,"With a quick flick of his wrist, he tossed the crumpled wastepaper into the bin.",True,"With a quick flick of {pronoun1} wrist, {pronoun} tossed the crumpled wastepaper into the bin.",
wastepaper,he,He wondered if there was a more sustainable way to dispose of wastepaper.,True,{pronoun} wondered if there was a more sustainable way to dispose of wastepaper.,
wastepaper,he,"He took pride in his organization skills, neatly stacking the wastepaper.",True,"{pronoun} took pride in {pronoun1} organization skills, neatly stacking the wastepaper.",
