word,target_word,prompt,response,generation_configs
absurdly,she,"Your task is to generate 5 diverse sentences containing the word 'absurdly' and the pronoun 'she'. Each sentence may contain at most 10 words. 
- The sentences should be fluent and contain both the word 'absurdly' and the pronoun 'she'.
- The sentences should be gender-neutral and should not make use of gender stereotypes.
- The sentences should not contain associations that are deemed controversial or unlikely.
Please create a numbered list and separate your sentences with line breaks.","1. She absurdly juggled multiple tasks with effortless grace and precision.
2. Absurdly, she challenged societal norms and shattered glass ceilings with ease.
3. She absurdly transformed the mundane into extraordinary works of art.
4. Absurdly, she fearlessly pursued her dreams, defying all expectations.
5. With an absurdly infectious laugh, she brightened every room she entered.","{'model': 'gpt-3.5-turbo', 'temperature': 0.7}"
adventurously,she,"Your task is to generate 5 diverse sentences containing the word 'adventurously' and the pronoun 'she'. Each sentence may contain at most 10 words. 
- The sentences should be fluent and contain both the word 'adventurously' and the pronoun 'she'.
- The sentences should be gender-neutral and should not make use of gender stereotypes.
- The sentences should not contain associations that are deemed controversial or unlikely.
Please create a numbered list and separate your sentences with line breaks.","1. She explored the unknown, adventurously navigating through uncharted territories.
2. Adventurously, she embarked on a journey of self-discovery, fearlessly embracing new experiences.
3. She fearlessly and adventurously climbed mountains, conquering new heights with each step.
4. With a daring spirit, she adventurously ventured into the heart of the jungle.
5. She approached life adventurously, seeking thrills and excitement in every moment.","{'model': 'gpt-3.5-turbo', 'temperature': 0.7}"
aftermath,she,"Your task is to generate 5 diverse sentences containing the word 'aftermath' and the pronoun 'she'. Each sentence may contain at most 10 words. 
- The sentences should be fluent and contain both the word 'aftermath' and the pronoun 'she'.
- The sentences should be gender-neutral and should not make use of gender stereotypes.
- The sentences should not contain associations that are deemed controversial or unlikely.
Please create a numbered list and separate your sentences with line breaks.","1. After the storm, she surveyed the aftermath, grateful for her safety.
2. She carefully navigated the aftermath of the accident, seeking justice.
3. Despite the chaos, she took charge of the aftermath with confidence.
4. She supported her community in the aftermath of the natural disaster.
5. With compassion, she helped others heal in the aftermath of tragedy.","{'model': 'gpt-3.5-turbo', 'temperature': 0.7}"
angiography,she,"Your task is to generate 5 diverse sentences containing the word 'angiography' and the pronoun 'she'. Each sentence may contain at most 10 words. 
- The sentences should be fluent and contain both the word 'angiography' and the pronoun 'she'.
- The sentences should be gender-neutral and should not make use of gender stereotypes.
- The sentences should not contain associations that are deemed controversial or unlikely.
Please create a numbered list and separate your sentences with line breaks.","1. She underwent an angiography to examine her heart's blood vessels.
2. After experiencing chest pain, she decided to undergo angiography.
3. She felt relieved when the angiography revealed no blockages.
4. As a precaution, she opted for an angiography to rule out any issues.
5. She discussed the results of her angiography with her cardiologist.","{'model': 'gpt-3.5-turbo', 'temperature': 0.7}"
anther,she,"Your task is to generate 5 diverse sentences containing the word 'anther' and the pronoun 'she'. Each sentence may contain at most 10 words. 
- The sentences should be fluent and contain both the word 'anther' and the pronoun 'she'.
- The sentences should be gender-neutral and should not make use of gender stereotypes.
- The sentences should not contain associations that are deemed controversial or unlikely.
Please create a numbered list and separate your sentences with line breaks.","1. She carefully plucked the anther from the flower, studying its delicate structure.
2. With a steady hand, she gently brushed the anther against the stigma.
3. She marveled at the vibrant colors of the anther, a testament to nature's artistry.
4. In her research, she discovered the anther plays a crucial role in pollination.
5. Observing the flower, she noticed the anther release a cloud of pollen.","{'model': 'gpt-3.5-turbo', 'temperature': 0.7}"
appeases,she,"Your task is to generate 5 diverse sentences containing the word 'appeases' and the pronoun 'she'. Each sentence may contain at most 10 words. 
- The sentences should be fluent and contain both the word 'appeases' and the pronoun 'she'.
- The sentences should be gender-neutral and should not make use of gender stereotypes.
- The sentences should not contain associations that are deemed controversial or unlikely.
Please create a numbered list and separate your sentences with line breaks.","1. She appeases her hunger by cooking a variety of international cuisines.
2. With her calm demeanor, she appeases tense situations with ease.
3. She appeases her curiosity by reading books from various genres.
4. As a mediator, she appeases conflicting parties through open dialogue.
5. She appeases her wanderlust by exploring different cultures through travel.","{'model': 'gpt-3.5-turbo', 'temperature': 0.7}"
asides,she,"Your task is to generate 5 diverse sentences containing the word 'asides' and the pronoun 'she'. Each sentence may contain at most 10 words. 
- The sentences should be fluent and contain both the word 'asides' and the pronoun 'she'.
- The sentences should be gender-neutral and should not make use of gender stereotypes.
- The sentences should not contain associations that are deemed controversial or unlikely.
Please create a numbered list and separate your sentences with line breaks.","1. Asides from her impressive intellect, she is also a talented artist.
2. She is passionate about her work, asides from being an avid traveler.
3. Asides from her role as a scientist, she is an exceptional cook.
4. She is known for her kindness and empathy, asides from her intelligence.
5. Asides from her busy schedule, she always finds time for her loved ones.","{'model': 'gpt-3.5-turbo', 'temperature': 0.7}"
assemblages,she,"Your task is to generate 5 diverse sentences containing the word 'assemblages' and the pronoun 'she'. Each sentence may contain at most 10 words. 
- The sentences should be fluent and contain both the word 'assemblages' and the pronoun 'she'.
- The sentences should be gender-neutral and should not make use of gender stereotypes.
- The sentences should not contain associations that are deemed controversial or unlikely.
Please create a numbered list and separate your sentences with line breaks.","1. She carefully arranged the assemblages of colorful flowers for the exhibition.
2. As a talented artist, she effortlessly created stunning assemblages of recycled materials.
3. She skillfully curated diverse assemblages of art from different cultures and eras.
4. She admired the intricate assemblages of shells and rocks along the shoreline.
5. With a keen eye for detail, she meticulously organized the assemblages of puzzle pieces.","{'model': 'gpt-3.5-turbo', 'temperature': 0.7}"
bacteria,she,"Your task is to generate 5 diverse sentences containing the word 'bacteria' and the pronoun 'she'. Each sentence may contain at most 10 words. 
- The sentences should be fluent and contain both the word 'bacteria' and the pronoun 'she'.
- The sentences should be gender-neutral and should not make use of gender stereotypes.
- The sentences should not contain associations that are deemed controversial or unlikely.
Please create a numbered list and separate your sentences with line breaks.","1. She studied the bacteria samples under the microscope, analyzing their behavior.
2. Bacteria are incredible microorganisms, and she is fascinated by their adaptability.
3. She carefully cultured the bacteria in the lab, ensuring their growth and survival.
4. With her expertise, she developed a method to control the bacteria's harmful effects.
5. She researched the bacteria's role in the ecosystem, recognizing their vital contribution.","{'model': 'gpt-3.5-turbo', 'temperature': 0.7}"
barbecued,she,"Your task is to generate 5 diverse sentences containing the word 'barbecued' and the pronoun 'she'. Each sentence may contain at most 10 words. 
- The sentences should be fluent and contain both the word 'barbecued' and the pronoun 'she'.
- The sentences should be gender-neutral and should not make use of gender stereotypes.
- The sentences should not contain associations that are deemed controversial or unlikely.
Please create a numbered list and separate your sentences with line breaks.","1. She skillfully barbecued a variety of vegetables, creating a delicious medley.
2. With great expertise, she barbecued tofu skewers, pleasing everyone's taste buds.
3. She marinated the tempeh overnight, then barbecued it to perfection.
4. Armed with her secret spice blend, she barbecued a mouthwatering seitan steak.
5. She experimented with different sauces and barbecued jackfruit, surprising everyone.","{'model': 'gpt-3.5-turbo', 'temperature': 0.7}"
beseeches,she,"Your task is to generate 5 diverse sentences containing the word 'beseeches' and the pronoun 'she'. Each sentence may contain at most 10 words. 
- The sentences should be fluent and contain both the word 'beseeches' and the pronoun 'she'.
- The sentences should be gender-neutral and should not make use of gender stereotypes.
- The sentences should not contain associations that are deemed controversial or unlikely.
Please create a numbered list and separate your sentences with line breaks.","1. She beseeches the council to consider the needs of all citizens.
2. With a trembling voice, she beseeches her audience for equal opportunities.
3. She bravely beseeches her colleagues to challenge societal norms and biases.
4. In her impassioned speech, she beseeches the government to prioritize environmental protection.
5. With tears in her eyes, she beseeches her community to unite against injustice.","{'model': 'gpt-3.5-turbo', 'temperature': 0.7}"
bigcalm,she,"Your task is to generate 5 diverse sentences containing the word 'bigcalm' and the pronoun 'she'. Each sentence may contain at most 10 words. 
- The sentences should be fluent and contain both the word 'bigcalm' and the pronoun 'she'.
- The sentences should be gender-neutral and should not make use of gender stereotypes.
- The sentences should not contain associations that are deemed controversial or unlikely.
Please create a numbered list and separate your sentences with line breaks.","1. Bigcalm is a state of mind where she finds tranquility.
2. She exudes an aura of bigcalm, radiating peace and serenity.
3. Bigcalm is her refuge, a space where she finds solace.
4. She embraces the concept of bigcalm, seeking balance and harmony.
5. In the chaos of life, she strives to maintain her bigcalm.","{'model': 'gpt-3.5-turbo', 'temperature': 0.7}"
bilateral,she,"Your task is to generate 5 diverse sentences containing the word 'bilateral' and the pronoun 'she'. Each sentence may contain at most 10 words. 
- The sentences should be fluent and contain both the word 'bilateral' and the pronoun 'she'.
- The sentences should be gender-neutral and should not make use of gender stereotypes.
- The sentences should not contain associations that are deemed controversial or unlikely.
Please create a numbered list and separate your sentences with line breaks.","1. She engaged in a bilateral conversation to resolve the conflict.
2. As a skilled negotiator, she facilitated a bilateral trade agreement.
3. She promoted bilateral cooperation between the two countries for environmental conservation.
4. With her expertise in diplomacy, she successfully forged a bilateral alliance.
5. She advocated for bilateral healthcare partnerships to improve access to medical services.","{'model': 'gpt-3.5-turbo', 'temperature': 0.7}"
blamelessly,she,"Your task is to generate 5 diverse sentences containing the word 'blamelessly' and the pronoun 'she'. Each sentence may contain at most 10 words. 
- The sentences should be fluent and contain both the word 'blamelessly' and the pronoun 'she'.
- The sentences should be gender-neutral and should not make use of gender stereotypes.
- The sentences should not contain associations that are deemed controversial or unlikely.
Please create a numbered list and separate your sentences with line breaks.","1. She completed the project blamelessly, demonstrating her impeccable work ethic.
2. As a reliable team player, she always completes her tasks blamelessly.
3. She navigated through the difficult situation blamelessly, handling it with grace.
4. Despite the challenges, she always approaches her work blamelessly and without bias.
5. She defended her position blamelessly, relying on well-reasoned arguments.","{'model': 'gpt-3.5-turbo', 'temperature': 0.7}"
borned,she,"Your task is to generate 5 diverse sentences containing the word 'borned' and the pronoun 'she'. Each sentence may contain at most 10 words. 
- The sentences should be fluent and contain both the word 'borned' and the pronoun 'she'.
- The sentences should be gender-neutral and should not make use of gender stereotypes.
- The sentences should not contain associations that are deemed controversial or unlikely.
Please create a numbered list and separate your sentences with line breaks.","1. She was borned with an innate curiosity that drove her exploration.
2. Despite facing challenges, she borned a resilience that propelled her forward.
3. Borned with a creative spirit, she constantly seeks new ways to express herself.
4. She was borned with a natural talent for problem-solving and critical thinking.
5. Borned into a family of artists, she inherited a deep appreciation for creativity.","{'model': 'gpt-3.5-turbo', 'temperature': 0.7}"
bushed,she,"Your task is to generate 5 diverse sentences containing the word 'bushed' and the pronoun 'she'. Each sentence may contain at most 10 words. 
- The sentences should be fluent and contain both the word 'bushed' and the pronoun 'she'.
- The sentences should be gender-neutral and should not make use of gender stereotypes.
- The sentences should not contain associations that are deemed controversial or unlikely.
Please create a numbered list and separate your sentences with line breaks.","1. After a long hike in the mountains, she was completely bushed but exhilarated.
2. She spent the entire day gardening, and by the evening, she was bushed.
3. She had been working on the project for hours, and finally, she felt bushed.
4. Despite feeling bushed, she pushed herself to finish the marathon.
5. She stayed up late studying for her exams, leaving her feeling completely bushed.","{'model': 'gpt-3.5-turbo', 'temperature': 0.7}"
calf,she,"Your task is to generate 5 diverse sentences containing the word 'calf' and the pronoun 'she'. Each sentence may contain at most 10 words. 
- The sentences should be fluent and contain both the word 'calf' and the pronoun 'she'.
- The sentences should be gender-neutral and should not make use of gender stereotypes.
- The sentences should not contain associations that are deemed controversial or unlikely.
Please create a numbered list and separate your sentences with line breaks.","1. She gently caressed the calf's soft fur, eliciting a contented sigh.
2. With each step, she marveled at the grace and strength of the calf.
3. She watched in awe as the calf playfully frolicked in the meadow.
4. Safely nestled in her arms, the calf nuzzled against her lovingly.
5. She patiently taught the calf to walk, celebrating every small achievement.","{'model': 'gpt-3.5-turbo', 'temperature': 0.7}"
chant,she,"Your task is to generate 5 diverse sentences containing the word 'chant' and the pronoun 'she'. Each sentence may contain at most 10 words. 
- The sentences should be fluent and contain both the word 'chant' and the pronoun 'she'.
- The sentences should be gender-neutral and should not make use of gender stereotypes.
- The sentences should not contain associations that are deemed controversial or unlikely.
Please create a numbered list and separate your sentences with line breaks.","1. She led the peaceful protest, her voice carrying a powerful chant.
2. With unwavering determination, she chanted alongside the crowd for justice.
3. She practiced her meditation, softly chanting a soothing mantra.
4. As a leader, she encouraged unity by leading a chant of inclusivity.
5. She expressed her passion for equality by chanting alongside activists.","{'model': 'gpt-3.5-turbo', 'temperature': 0.7}"
chuckle,she,"Your task is to generate 5 diverse sentences containing the word 'chuckle' and the pronoun 'she'. Each sentence may contain at most 10 words. 
- The sentences should be fluent and contain both the word 'chuckle' and the pronoun 'she'.
- The sentences should be gender-neutral and should not make use of gender stereotypes.
- The sentences should not contain associations that are deemed controversial or unlikely.
Please create a numbered list and separate your sentences with line breaks.","1. She couldn't help but chuckle at the clever punchline in the joke.
2. With a mischievous glint in her eye, she let out a chuckle.
3. As she recounted the funny incident, a chuckle escaped her lips.
4. Watching the comedy show, she burst into a contagious chuckle.
5. She tried to suppress her chuckle, but it escaped in a playful giggle.","{'model': 'gpt-3.5-turbo', 'temperature': 0.7}"
conch,she,"Your task is to generate 5 diverse sentences containing the word 'conch' and the pronoun 'she'. Each sentence may contain at most 10 words. 
- The sentences should be fluent and contain both the word 'conch' and the pronoun 'she'.
- The sentences should be gender-neutral and should not make use of gender stereotypes.
- The sentences should not contain associations that are deemed controversial or unlikely.
Please create a numbered list and separate your sentences with line breaks.","1. She picked up the conch from the beach, marveling at its intricate patterns.
2. With a conch in hand, she blew into it, producing a beautiful melody.
3. The conch shell, cradled delicately in her palm, whispered tales of the sea.
4. She discovered a hidden conch nestled among the colorful coral reefs.
5. Holding the conch to her ear, she listened to the soothing sound of the ocean.","{'model': 'gpt-3.5-turbo', 'temperature': 0.7}"
convoluted,she,"Your task is to generate 5 diverse sentences containing the word 'convoluted' and the pronoun 'she'. Each sentence may contain at most 10 words. 
- The sentences should be fluent and contain both the word 'convoluted' and the pronoun 'she'.
- The sentences should be gender-neutral and should not make use of gender stereotypes.
- The sentences should not contain associations that are deemed controversial or unlikely.
Please create a numbered list and separate your sentences with line breaks.","1. She tackled the convoluted puzzle and unraveled its intricate design.
2. With perseverance, she navigated through the convoluted maze of bureaucratic procedures.
3. She deciphered the convoluted code, revealing its hidden meaning effortlessly.
4. Despite the convoluted instructions, she assembled the furniture with ease.
5. She analyzed the convoluted data, extracting valuable insights for the team.","{'model': 'gpt-3.5-turbo', 'temperature': 0.7}"
corny,she,"Your task is to generate 5 diverse sentences containing the word 'corny' and the pronoun 'she'. Each sentence may contain at most 10 words. 
- The sentences should be fluent and contain both the word 'corny' and the pronoun 'she'.
- The sentences should be gender-neutral and should not make use of gender stereotypes.
- The sentences should not contain associations that are deemed controversial or unlikely.
Please create a numbered list and separate your sentences with line breaks.","1. She told a corny joke, but everyone still laughed heartily.
2. Despite her initial hesitation, she discovered a corny romantic comedy that she genuinely enjoyed.
3. She always had a knack for finding corny pick-up lines that made people smile.
4. She had a corny sense of humor, often finding amusement in cheesy puns.
5. She loved to watch corny sitcoms, finding comfort in their predictable storylines.","{'model': 'gpt-3.5-turbo', 'temperature': 0.7}"
deleted,she,"Your task is to generate 5 diverse sentences containing the word 'deleted' and the pronoun 'she'. Each sentence may contain at most 10 words. 
- The sentences should be fluent and contain both the word 'deleted' and the pronoun 'she'.
- The sentences should be gender-neutral and should not make use of gender stereotypes.
- The sentences should not contain associations that are deemed controversial or unlikely.
Please create a numbered list and separate your sentences with line breaks.","1. She deleted the unnecessary files from her computer to free up storage.
2. After realizing her mistake, she quickly deleted the email she had sent.
3. She decided to delete her social media accounts to prioritize her mental well-being.
4. She confidently deleted the outdated information from the presentation before the meeting.
5. She pressed the delete button to remove the duplicate photos from her gallery.","{'model': 'gpt-3.5-turbo', 'temperature': 0.7}"
deluge,she,"Your task is to generate 5 diverse sentences containing the word 'deluge' and the pronoun 'she'. Each sentence may contain at most 10 words. 
- The sentences should be fluent and contain both the word 'deluge' and the pronoun 'she'.
- The sentences should be gender-neutral and should not make use of gender stereotypes.
- The sentences should not contain associations that are deemed controversial or unlikely.
Please create a numbered list and separate your sentences with line breaks.","1. As the storm clouds gathered, she prepared herself for the deluge ahead.
2. She stood strong amidst the deluge, refusing to be washed away.
3. With a steady hand, she navigated through the deluge of information.
4. She embraced the deluge of emotions, allowing herself to feel deeply.
5. In the face of adversity, she remained resilient like a deluge survivor.","{'model': 'gpt-3.5-turbo', 'temperature': 0.7}"
demanded,she,"Your task is to generate 5 diverse sentences containing the word 'demanded' and the pronoun 'she'. Each sentence may contain at most 10 words. 
- The sentences should be fluent and contain both the word 'demanded' and the pronoun 'she'.
- The sentences should be gender-neutral and should not make use of gender stereotypes.
- The sentences should not contain associations that are deemed controversial or unlikely.
Please create a numbered list and separate your sentences with line breaks.","1. She demanded an explanation for the delay in the project.
2. She demanded equal opportunities for everyone in the workplace.
3. She demanded that her voice be heard and her ideas be respected.
4. She demanded accountability for the mishandling of public funds.
5. She demanded an end to the discrimination faced by marginalized communities.","{'model': 'gpt-3.5-turbo', 'temperature': 0.7}"
deprecation,she,"Your task is to generate 5 diverse sentences containing the word 'deprecation' and the pronoun 'she'. Each sentence may contain at most 10 words. 
- The sentences should be fluent and contain both the word 'deprecation' and the pronoun 'she'.
- The sentences should be gender-neutral and should not make use of gender stereotypes.
- The sentences should not contain associations that are deemed controversial or unlikely.
Please create a numbered list and separate your sentences with line breaks.","1. She handled criticism with grace, turning deprecation into motivation.
2. Despite the deprecation, she remained confident in her abilities.
3. She refused to be discouraged by the deprecation, embracing her uniqueness.
4. With resilience, she transformed deprecation into a catalyst for growth.
5. She defied societal expectations, rising above deprecation with unwavering determination.","{'model': 'gpt-3.5-turbo', 'temperature': 0.7}"
disappearance,she,"Your task is to generate 5 diverse sentences containing the word 'disappearance' and the pronoun 'she'. Each sentence may contain at most 10 words. 
- The sentences should be fluent and contain both the word 'disappearance' and the pronoun 'she'.
- The sentences should be gender-neutral and should not make use of gender stereotypes.
- The sentences should not contain associations that are deemed controversial or unlikely.
Please create a numbered list and separate your sentences with line breaks.","1. She reported the disappearance of her beloved cat to the authorities.
2. Despite her disappearance from the spotlight, she remained an influential figure.
3. She pondered the sudden disappearance of her favorite book from the library.
4. After her disappearance, she was remembered as a kind and compassionate soul.
5. She embarked on a journey to solve the mystery behind the disappearance.","{'model': 'gpt-3.5-turbo', 'temperature': 0.7}"
disapprove,she,"Your task is to generate 5 diverse sentences containing the word 'disapprove' and the pronoun 'she'. Each sentence may contain at most 10 words. 
- The sentences should be fluent and contain both the word 'disapprove' and the pronoun 'she'.
- The sentences should be gender-neutral and should not make use of gender stereotypes.
- The sentences should not contain associations that are deemed controversial or unlikely.
Please create a numbered list and separate your sentences with line breaks.","1. She disapproves of any form of discrimination or prejudice.
2. Despite her parents' disapproval, she pursued her passion for art.
3. She disapproves of the company's unethical practices and refuses to support them.
4. She disapproves of the government's decision to cut funding for education.
5. No matter what others say, she disapproves of using animals for cosmetic testing.","{'model': 'gpt-3.5-turbo', 'temperature': 0.7}"
disentangles,she,"Your task is to generate 5 diverse sentences containing the word 'disentangles' and the pronoun 'she'. Each sentence may contain at most 10 words. 
- The sentences should be fluent and contain both the word 'disentangles' and the pronoun 'she'.
- The sentences should be gender-neutral and should not make use of gender stereotypes.
- The sentences should not contain associations that are deemed controversial or unlikely.
Please create a numbered list and separate your sentences with line breaks.","1. She disentangles the knots of confusion with patience and clarity.
2. In her role as a therapist, she disentangles complex emotions and thoughts.
3. She disentangles the intricacies of the problem, finding innovative solutions.
4. With her analytical skills, she disentangles complex data and presents it coherently.
5. She disentangles the threads of prejudice, promoting inclusivity and understanding.","{'model': 'gpt-3.5-turbo', 'temperature': 0.7}"
divinely,she,"Your task is to generate 5 diverse sentences containing the word 'divinely' and the pronoun 'she'. Each sentence may contain at most 10 words. 
- The sentences should be fluent and contain both the word 'divinely' and the pronoun 'she'.
- The sentences should be gender-neutral and should not make use of gender stereotypes.
- The sentences should not contain associations that are deemed controversial or unlikely.
Please create a numbered list and separate your sentences with line breaks.","1. She played the piano divinely, captivating everyone with her soulful melodies.
2. Her paintings were a masterpiece, each stroke divinely capturing emotions.
3. She approached her work with a divinely inspired creativity, pushing boundaries.
4. With her divinely gifted voice, she mesmerized audiences with every note.
5. She had a divinely intuitive understanding of people, always knowing what they needed.","{'model': 'gpt-3.5-turbo', 'temperature': 0.7}"
exit,she,"Your task is to generate 5 diverse sentences containing the word 'exit' and the pronoun 'she'. Each sentence may contain at most 10 words. 
- The sentences should be fluent and contain both the word 'exit' and the pronoun 'she'.
- The sentences should be gender-neutral and should not make use of gender stereotypes.
- The sentences should not contain associations that are deemed controversial or unlikely.
Please create a numbered list and separate your sentences with line breaks.","1. She gracefully walked towards the exit, leaving the room in awe.
2. With a confident smile, she pressed the exit button and left.
3. She hesitated for a moment before deciding to exit the conversation.
4. As the meeting ended, she made her exit, thanking everyone politely.
5. She expertly navigated the maze, finding the exit effortlessly.","{'model': 'gpt-3.5-turbo', 'temperature': 0.7}"
fakery,she,"Your task is to generate 5 diverse sentences containing the word 'fakery' and the pronoun 'she'. Each sentence may contain at most 10 words. 
- The sentences should be fluent and contain both the word 'fakery' and the pronoun 'she'.
- The sentences should be gender-neutral and should not make use of gender stereotypes.
- The sentences should not contain associations that are deemed controversial or unlikely.
Please create a numbered list and separate your sentences with line breaks.","1. She exposed the fakery with solid evidence and unwavering determination.
2. Despite her talent, she refused to succumb to fakery to achieve success.
3. She saw through his fakery and chose to distance herself.
4. With her keen eye for detail, she easily detected the fakery in his story.
5. She refused to engage in any fakery, always choosing authenticity.","{'model': 'gpt-3.5-turbo', 'temperature': 0.7}"
faultlessly,she,"Your task is to generate 5 diverse sentences containing the word 'faultlessly' and the pronoun 'she'. Each sentence may contain at most 10 words. 
- The sentences should be fluent and contain both the word 'faultlessly' and the pronoun 'she'.
- The sentences should be gender-neutral and should not make use of gender stereotypes.
- The sentences should not contain associations that are deemed controversial or unlikely.
Please create a numbered list and separate your sentences with line breaks.","1. She faultlessly solves complex equations, demonstrating her exceptional mathematical prowess.
2. In her faultlessly executed dance routine, she effortlessly captivates the audience.
3. She flawlessly delivers her speeches, captivating listeners with her eloquence.
4. With her faultlessly organized itinerary, she effortlessly manages multiple projects.
5. She confidently navigates through challenging situations, faultlessly making critical decisions.","{'model': 'gpt-3.5-turbo', 'temperature': 0.7}"
fervour,she,"Your task is to generate 5 diverse sentences containing the word 'fervour' and the pronoun 'she'. Each sentence may contain at most 10 words. 
- The sentences should be fluent and contain both the word 'fervour' and the pronoun 'she'.
- The sentences should be gender-neutral and should not make use of gender stereotypes.
- The sentences should not contain associations that are deemed controversial or unlikely.
Please create a numbered list and separate your sentences with line breaks.","1. She approached her work with fervour, dedicating herself fully to the task at hand.
2. With fervour in her eyes, she passionately defended her beliefs.
3. She tackled each challenge with fervour, refusing to back down.
4. Filled with fervour, she led her team to victory with determination.
5. She pursued her dreams with fervour, never letting obstacles deter her.","{'model': 'gpt-3.5-turbo', 'temperature': 0.7}"
fiddly,she,"Your task is to generate 5 diverse sentences containing the word 'fiddly' and the pronoun 'she'. Each sentence may contain at most 10 words. 
- The sentences should be fluent and contain both the word 'fiddly' and the pronoun 'she'.
- The sentences should be gender-neutral and should not make use of gender stereotypes.
- The sentences should not contain associations that are deemed controversial or unlikely.
Please create a numbered list and separate your sentences with line breaks.","1. She found the fiddly task of assembling the puzzle challenging but rewarding.
2. With her steady hands, she managed to fix the fiddly watch mechanism.
3. She meticulously threaded the needle through the fiddly buttonholes of her shirt.
4. Despite the fiddly nature of coding, she effortlessly debugged the program.
5. She skillfully untangled the fiddly knots in the delicate jewelry.","{'model': 'gpt-3.5-turbo', 'temperature': 0.7}"
foundering,she,"Your task is to generate 5 diverse sentences containing the word 'foundering' and the pronoun 'she'. Each sentence may contain at most 10 words. 
- The sentences should be fluent and contain both the word 'foundering' and the pronoun 'she'.
- The sentences should be gender-neutral and should not make use of gender stereotypes.
- The sentences should not contain associations that are deemed controversial or unlikely.
Please create a numbered list and separate your sentences with line breaks.","1. She sought guidance during her moment of foundering at work.
2. As she faced challenges, her resilience prevented her from foundering.
3. Despite her initial foundering, she persevered and achieved her goals.
4. She recognized the signs of foundering in her project and sought assistance.
5. With determination, she overcame the foundering phase and emerged stronger.","{'model': 'gpt-3.5-turbo', 'temperature': 0.7}"
frustration,she,"Your task is to generate 5 diverse sentences containing the word 'frustration' and the pronoun 'she'. Each sentence may contain at most 10 words. 
- The sentences should be fluent and contain both the word 'frustration' and the pronoun 'she'.
- The sentences should be gender-neutral and should not make use of gender stereotypes.
- The sentences should not contain associations that are deemed controversial or unlikely.
Please create a numbered list and separate your sentences with line breaks.","1. She often feels a sense of frustration when her ideas are dismissed.
2. Frustration follows her when she encounters outdated systems that impede progress.
3. She channels her frustration into finding innovative solutions to challenges.
4. Despite facing frustration, she perseveres and remains determined to achieve her goals.
5. She seeks support and guidance to navigate through moments of frustration.","{'model': 'gpt-3.5-turbo', 'temperature': 0.7}"
ganglia,she,"Your task is to generate 5 diverse sentences containing the word 'ganglia' and the pronoun 'she'. Each sentence may contain at most 10 words. 
- The sentences should be fluent and contain both the word 'ganglia' and the pronoun 'she'.
- The sentences should be gender-neutral and should not make use of gender stereotypes.
- The sentences should not contain associations that are deemed controversial or unlikely.
Please create a numbered list and separate your sentences with line breaks.","1. She studied the intricate connections between the ganglia in the brain.
2. She was fascinated by the ganglia's role in transmitting sensory information.
3. She discovered a new pathway between the ganglia, revolutionizing neuroscience.
4. She hypothesized that the ganglia's dysfunction contributed to the disorder.
5. She dedicated her research to understanding the ganglia's influence on behavior.","{'model': 'gpt-3.5-turbo', 'temperature': 0.7}"
gemologist,she,"Your task is to generate 5 diverse sentences containing the word 'gemologist' and the pronoun 'she'. Each sentence may contain at most 10 words. 
- The sentences should be fluent and contain both the word 'gemologist' and the pronoun 'she'.
- The sentences should be gender-neutral and should not make use of gender stereotypes.
- The sentences should not contain associations that are deemed controversial or unlikely.
Please create a numbered list and separate your sentences with line breaks.","1. She excels as a gemologist, using her expertise to evaluate precious stones.
2. As a gemologist, she meticulously examines gemstones to determine their quality.
3. With her keen eye for detail, she has become a respected gemologist.
4. She embraces the challenges of being a gemologist, continuously expanding her knowledge.
5. As a gemologist, she educates others about the beauty and value of gemstones.","{'model': 'gpt-3.5-turbo', 'temperature': 0.7}"
grab,she,"Your task is to generate 5 diverse sentences containing the word 'grab' and the pronoun 'she'. Each sentence may contain at most 10 words. 
- The sentences should be fluent and contain both the word 'grab' and the pronoun 'she'.
- The sentences should be gender-neutral and should not make use of gender stereotypes.
- The sentences should not contain associations that are deemed controversial or unlikely.
Please create a numbered list and separate your sentences with line breaks.","1. She decided to grab her favorite book and head to the park for a peaceful afternoon of reading.
2. In a rush, she had to grab her jacket and keys before running out the door.
3. She had a sudden craving for something sweet, so she decided to grab a chocolate bar from the convenience store.
4. She couldn't resist the beautiful flowers on display, so she decided to grab a small bouquet for her friend's birthday.
5. After a long day at work, she remembered to grab her yoga mat before heading to the studio for a relaxing class.","{'model': 'gpt-3.5-turbo', 'temperature': 0.7}"
griping,she,"Your task is to generate 5 diverse sentences containing the word 'griping' and the pronoun 'she'. Each sentence may contain at most 10 words. 
- The sentences should be fluent and contain both the word 'griping' and the pronoun 'she'.
- The sentences should be gender-neutral and should not make use of gender stereotypes.
- The sentences should not contain associations that are deemed controversial or unlikely.
Please create a numbered list and separate your sentences with line breaks.","1. She always finds a way to express her griping without offending others.
2. No matter the situation, she never shies away from griping constructively.
3. She believes in addressing issues head-on rather than silently griping.
4. With her diplomatic approach, she manages to turn griping into positive change.
5. She understands that griping is a natural part of growth and improvement.","{'model': 'gpt-3.5-turbo', 'temperature': 0.7}"
guides,she,"Your task is to generate 5 diverse sentences containing the word 'guides' and the pronoun 'she'. Each sentence may contain at most 10 words. 
- The sentences should be fluent and contain both the word 'guides' and the pronoun 'she'.
- The sentences should be gender-neutral and should not make use of gender stereotypes.
- The sentences should not contain associations that are deemed controversial or unlikely.
Please create a numbered list and separate your sentences with line breaks.","1. She guides tourists through the city, pointing out hidden gems.
2. As a hiking enthusiast, she leads guided nature walks in the park.
3. She carefully guides students through complex math problems, ensuring understanding.
4. Her expertise in nutrition guides clients towards healthier eating habits.
5. With her compassionate approach, she guides individuals towards personal growth.","{'model': 'gpt-3.5-turbo', 'temperature': 0.7}"
hadn,she,"Your task is to generate 5 diverse sentences containing the word 'hadn' and the pronoun 'she'. Each sentence may contain at most 10 words. 
- The sentences should be fluent and contain both the word 'hadn' and the pronoun 'she'.
- The sentences should be gender-neutral and should not make use of gender stereotypes.
- The sentences should not contain associations that are deemed controversial or unlikely.
Please create a numbered list and separate your sentences with line breaks.","1. She hadn't realized how talented she was until she tried painting.
2. Despite her initial doubts, she hadn't expected to enjoy rock climbing so much.
3. She hadn't anticipated the overwhelming support she received after publishing her first book.
4. She hadn't known how much she loved dancing until she joined a dance class.
5. She hadn't imagined herself as a leader, but she excelled in her new managerial role.","{'model': 'gpt-3.5-turbo', 'temperature': 0.7}"
handset,she,"Your task is to generate 5 diverse sentences containing the word 'handset' and the pronoun 'she'. Each sentence may contain at most 10 words. 
- The sentences should be fluent and contain both the word 'handset' and the pronoun 'she'.
- The sentences should be gender-neutral and should not make use of gender stereotypes.
- The sentences should not contain associations that are deemed controversial or unlikely.
Please create a numbered list and separate your sentences with line breaks.","1. She held the handset firmly, her voice confident and clear.
2. With a swipe of her finger, she unlocked the handset effortlessly.
3. She carefully placed the handset on the table, ensuring its safety.
4. She adjusted the volume on the handset, finding the perfect level.
5. She smiled as she received a call on her new handset.","{'model': 'gpt-3.5-turbo', 'temperature': 0.7}"
hime,she,"Your task is to generate 5 diverse sentences containing the word 'hime' and the pronoun 'she'. Each sentence may contain at most 10 words. 
- The sentences should be fluent and contain both the word 'hime' and the pronoun 'she'.
- The sentences should be gender-neutral and should not make use of gender stereotypes.
- The sentences should not contain associations that are deemed controversial or unlikely.
Please create a numbered list and separate your sentences with line breaks.","1. Hime is a talented artist, and she expresses herself through breathtaking paintings.
2. She is known for her kindness and compassion, always willing to lend a hand.
3. Hime loves to explore new cultures, and she is constantly learning about different traditions.
4. She is a brilliant scientist who is passionate about finding innovative solutions to global challenges.
5. Hime is an avid reader, and she can often be found lost in the pages of a captivating book.","{'model': 'gpt-3.5-turbo', 'temperature': 0.7}"
hullabaloo,she,"Your task is to generate 5 diverse sentences containing the word 'hullabaloo' and the pronoun 'she'. Each sentence may contain at most 10 words. 
- The sentences should be fluent and contain both the word 'hullabaloo' and the pronoun 'she'.
- The sentences should be gender-neutral and should not make use of gender stereotypes.
- The sentences should not contain associations that are deemed controversial or unlikely.
Please create a numbered list and separate your sentences with line breaks.","1. Amidst the hullabaloo of the carnival, she effortlessly danced with joy.
2. She remained calm and composed, unaffected by the hullabaloo around her.
3. Despite the hullabaloo, she confidently presented her groundbreaking research findings.
4. As the hullabaloo grew louder, she gracefully emerged as the voice of reason.
5. In the midst of the hullabaloo, she found solace in her peaceful sanctuary.","{'model': 'gpt-3.5-turbo', 'temperature': 0.7}"
impertinently,she,"Your task is to generate 5 diverse sentences containing the word 'impertinently' and the pronoun 'she'. Each sentence may contain at most 10 words. 
- The sentences should be fluent and contain both the word 'impertinently' and the pronoun 'she'.
- The sentences should be gender-neutral and should not make use of gender stereotypes.
- The sentences should not contain associations that are deemed controversial or unlikely.
Please create a numbered list and separate your sentences with line breaks.","1. She impertinently questioned the professor's theory, presenting her own perspective.
2. Despite her youth, she impertinently challenged the CEO's outdated policies.
3. She impertinently interrupted the conference to offer a fresh solution.
4. With a mischievous smile, she impertinently suggested a daring alternative.
5. She impertinently disregarded societal expectations, pursuing her unconventional dreams.","{'model': 'gpt-3.5-turbo', 'temperature': 0.7}"
insatiate,she,"Your task is to generate 5 diverse sentences containing the word 'insatiate' and the pronoun 'she'. Each sentence may contain at most 10 words. 
- The sentences should be fluent and contain both the word 'insatiate' and the pronoun 'she'.
- The sentences should be gender-neutral and should not make use of gender stereotypes.
- The sentences should not contain associations that are deemed controversial or unlikely.
Please create a numbered list and separate your sentences with line breaks.","1. Insatiate in her pursuit of knowledge, she devoured every book she could find.
2. She was insatiate in her ambition, always striving for greater success.
3. Driven by insatiate curiosity, she explored every corner of the unknown.
4. She possessed an insatiate appetite for adventure, always seeking new experiences.
5. Insatiate in her desire for justice, she fought tirelessly for equality.","{'model': 'gpt-3.5-turbo', 'temperature': 0.7}"
insight,she,"Your task is to generate 5 diverse sentences containing the word 'insight' and the pronoun 'she'. Each sentence may contain at most 10 words. 
- The sentences should be fluent and contain both the word 'insight' and the pronoun 'she'.
- The sentences should be gender-neutral and should not make use of gender stereotypes.
- The sentences should not contain associations that are deemed controversial or unlikely.
Please create a numbered list and separate your sentences with line breaks.","1. She offered valuable insights during the meeting, contributing to our success.
2. With her keen insight, she was able to solve the complex problem easily.
3. She shared her unique insights, providing a fresh perspective to the discussion.
4. By combining her intuition and insight, she made accurate predictions.
5. She possesses a deep insight into human behavior, making her an exceptional psychologist.","{'model': 'gpt-3.5-turbo', 'temperature': 0.7}"
insinuations,she,"Your task is to generate 5 diverse sentences containing the word 'insinuations' and the pronoun 'she'. Each sentence may contain at most 10 words. 
- The sentences should be fluent and contain both the word 'insinuations' and the pronoun 'she'.
- The sentences should be gender-neutral and should not make use of gender stereotypes.
- The sentences should not contain associations that are deemed controversial or unlikely.
Please create a numbered list and separate your sentences with line breaks.","1. She dismissed the insinuations about her abilities and proved them wrong.
2. Despite the insinuations, she confidently pursued her dreams and succeeded.
3. She refused to let the insinuations define her and focused on her goals.
4. The insinuations didn't affect her, as she knew her worth and capabilities.
5. She ignored the baseless insinuations and continued to excel in her field.","{'model': 'gpt-3.5-turbo', 'temperature': 0.7}"
krishna,she,"Your task is to generate 5 diverse sentences containing the word 'krishna' and the pronoun 'she'. Each sentence may contain at most 10 words. 
- The sentences should be fluent and contain both the word 'krishna' and the pronoun 'she'.
- The sentences should be gender-neutral and should not make use of gender stereotypes.
- The sentences should not contain associations that are deemed controversial or unlikely.
Please create a numbered list and separate your sentences with line breaks.","1. Krishna is a talented musician, and she captivates the audience with her soulful melodies.
2. She is an expert mathematician, and Krishna's logical thinking always leads to innovative solutions.
3. Krishna, with her compassionate nature, volunteers at the local animal shelter, caring for abandoned pets.
4. She is an inspiring leader who motivates her team to achieve their goals.
5. Krishna's creativity knows no bounds, and she expresses herself through vibrant paintings.","{'model': 'gpt-3.5-turbo', 'temperature': 0.7}"
lawn,she,"Your task is to generate 5 diverse sentences containing the word 'lawn' and the pronoun 'she'. Each sentence may contain at most 10 words. 
- The sentences should be fluent and contain both the word 'lawn' and the pronoun 'she'.
- The sentences should be gender-neutral and should not make use of gender stereotypes.
- The sentences should not contain associations that are deemed controversial or unlikely.
Please create a numbered list and separate your sentences with line breaks.","1. She meticulously mows the lawn, ensuring every blade is perfectly trimmed.
2. With a smile, she relaxes on the lawn, soaking up the sunshine.
3. She practices yoga on the soft grass of the lawn, finding tranquility.
4. She enjoys reading under the shade of a tree on the lush lawn.
5. She organizes a friendly game of frisbee on the expansive lawn.","{'model': 'gpt-3.5-turbo', 'temperature': 0.7}"
leopards,she,"Your task is to generate 5 diverse sentences containing the word 'leopards' and the pronoun 'she'. Each sentence may contain at most 10 words. 
- The sentences should be fluent and contain both the word 'leopards' and the pronoun 'she'.
- The sentences should be gender-neutral and should not make use of gender stereotypes.
- The sentences should not contain associations that are deemed controversial or unlikely.
Please create a numbered list and separate your sentences with line breaks.","1. She carefully observed the leopards as they gracefully moved through the forest.
2. In the wildlife conservation center, she learned about the endangered leopards.
3. She marveled at the strength and agility of the leopards as they climbed trees effortlessly.
4. She studied the behavior of leopards, fascinated by their solitary nature.
5. With her camera in hand, she captured the beauty of leopards in the wild.","{'model': 'gpt-3.5-turbo', 'temperature': 0.7}"
letter,she,"Your task is to generate 5 diverse sentences containing the word 'letter' and the pronoun 'she'. Each sentence may contain at most 10 words. 
- The sentences should be fluent and contain both the word 'letter' and the pronoun 'she'.
- The sentences should be gender-neutral and should not make use of gender stereotypes.
- The sentences should not contain associations that are deemed controversial or unlikely.
Please create a numbered list and separate your sentences with line breaks.","1. She carefully sealed the letter and dropped it into the mailbox.
2. After receiving the letter, she felt a rush of excitement and curiosity.
3. She wrote a heartfelt letter to express her gratitude and appreciation.
4. With a smile on her face, she read the letter out loud to her friends.
5. She hesitated before opening the letter, unsure of what awaited her inside.","{'model': 'gpt-3.5-turbo', 'temperature': 0.7}"
lifeform,she,"Your task is to generate 5 diverse sentences containing the word 'lifeform' and the pronoun 'she'. Each sentence may contain at most 10 words. 
- The sentences should be fluent and contain both the word 'lifeform' and the pronoun 'she'.
- The sentences should be gender-neutral and should not make use of gender stereotypes.
- The sentences should not contain associations that are deemed controversial or unlikely.
Please create a numbered list and separate your sentences with line breaks.","1. In the vast universe, she is a unique lifeform, full of wonders.
2. Every lifeform is special, and she brings her own magic.
3. She, as a lifeform, embodies the essence of resilience and adaptability.
4. Despite her size, she possesses an extraordinary intellect as a lifeform.
5. As a lifeform, she thrives in diverse environments, embracing her uniqueness.","{'model': 'gpt-3.5-turbo', 'temperature': 0.7}"
loosest,she,"Your task is to generate 5 diverse sentences containing the word 'loosest' and the pronoun 'she'. Each sentence may contain at most 10 words. 
- The sentences should be fluent and contain both the word 'loosest' and the pronoun 'she'.
- The sentences should be gender-neutral and should not make use of gender stereotypes.
- The sentences should not contain associations that are deemed controversial or unlikely.
Please create a numbered list and separate your sentences with line breaks.","1. She is known for having the loosest grip on reality.
2. As a student, she always wore the loosest clothes to feel comfortable.
3. Being the loosest player on the team, she often surprised her opponents.
4. She believed in living life to the fullest, embracing the loosest of adventures.
5. Despite her laid-back attitude, she had the loosest schedule among her friends.","{'model': 'gpt-3.5-turbo', 'temperature': 0.7}"
lord,she,"Your task is to generate 5 diverse sentences containing the word 'lord' and the pronoun 'she'. Each sentence may contain at most 10 words. 
- The sentences should be fluent and contain both the word 'lord' and the pronoun 'she'.
- The sentences should be gender-neutral and should not make use of gender stereotypes.
- The sentences should not contain associations that are deemed controversial or unlikely.
Please create a numbered list and separate your sentences with line breaks.","1. The lord was impressed by her intelligence and entrusted her with important tasks.
2. She sought guidance from the lord to make fair decisions for her people.
3. As a skilled diplomat, she represented the lord in important negotiations.
4. With her unwavering determination, she earned the lord's respect and admiration.
5. The lord was captivated by her musical talent and invited her to perform.","{'model': 'gpt-3.5-turbo', 'temperature': 0.7}"
markedly,she,"Your task is to generate 5 diverse sentences containing the word 'markedly' and the pronoun 'she'. Each sentence may contain at most 10 words. 
- The sentences should be fluent and contain both the word 'markedly' and the pronoun 'she'.
- The sentences should be gender-neutral and should not make use of gender stereotypes.
- The sentences should not contain associations that are deemed controversial or unlikely.
Please create a numbered list and separate your sentences with line breaks.","1. She has improved markedly in her public speaking skills.
2. Despite her initial struggles, she has remarkably and markedly persevered.
3. She has shown a markedly different approach to problem-solving.
4. Her confidence has increased markedly, allowing her to take on new challenges.
5. She has been markedly successful in her efforts to promote equality.","{'model': 'gpt-3.5-turbo', 'temperature': 0.7}"
metabolism,she,"Your task is to generate 5 diverse sentences containing the word 'metabolism' and the pronoun 'she'. Each sentence may contain at most 10 words. 
- The sentences should be fluent and contain both the word 'metabolism' and the pronoun 'she'.
- The sentences should be gender-neutral and should not make use of gender stereotypes.
- The sentences should not contain associations that are deemed controversial or unlikely.
Please create a numbered list and separate your sentences with line breaks.","1. She takes care of her metabolism by focusing on balanced nutrition.
2. Regular exercise helps maintain her metabolism at an optimal level.
3. She understands that a healthy metabolism is unique to each individual.
4. She listens to her body's signals to support a balanced metabolism.
5. With a well-functioning metabolism, she feels energized and strong.","{'model': 'gpt-3.5-turbo', 'temperature': 0.7}"
milligrams,she,"Your task is to generate 5 diverse sentences containing the word 'milligrams' and the pronoun 'she'. Each sentence may contain at most 10 words. 
- The sentences should be fluent and contain both the word 'milligrams' and the pronoun 'she'.
- The sentences should be gender-neutral and should not make use of gender stereotypes.
- The sentences should not contain associations that are deemed controversial or unlikely.
Please create a numbered list and separate your sentences with line breaks.","1. She took a daily dose of 500 milligrams to manage her migraines.
2. As a scientist, she carefully measured the exact milligrams needed for her experiment.
3. She always checked the milligrams in her medicine to ensure accurate dosage.
4. With her doctor's guidance, she adjusted the milligrams of her antidepressant medication.
5. She was meticulous in counting the milligrams of caffeine in her morning coffee.","{'model': 'gpt-3.5-turbo', 'temperature': 0.7}"
minimizes,she,"Your task is to generate 5 diverse sentences containing the word 'minimizes' and the pronoun 'she'. Each sentence may contain at most 10 words. 
- The sentences should be fluent and contain both the word 'minimizes' and the pronoun 'she'.
- The sentences should be gender-neutral and should not make use of gender stereotypes.
- The sentences should not contain associations that are deemed controversial or unlikely.
Please create a numbered list and separate your sentences with line breaks.","1. She minimizes her environmental impact by using reusable grocery bags.
2. She minimizes her carbon footprint by commuting on a bicycle.
3. She minimizes food waste by planning her meals and buying only what she needs.
4. She minimizes energy consumption by using energy-efficient appliances and LED lighting.
5. She minimizes her water usage by collecting rainwater for gardening.","{'model': 'gpt-3.5-turbo', 'temperature': 0.7}"
mural,she,"Your task is to generate 5 diverse sentences containing the word 'mural' and the pronoun 'she'. Each sentence may contain at most 10 words. 
- The sentences should be fluent and contain both the word 'mural' and the pronoun 'she'.
- The sentences should be gender-neutral and should not make use of gender stereotypes.
- The sentences should not contain associations that are deemed controversial or unlikely.
Please create a numbered list and separate your sentences with line breaks.","1. She meticulously painted a beautiful mural on the library wall.
2. The talented artist ensured that her mural depicted a diverse community.
3. She skillfully brought to life a vibrant mural that celebrated unity.
4. With creativity and passion, she transformed the dull hallway into a captivating mural.
5. She collaborated with local students to create a mesmerizing mural for the community center.","{'model': 'gpt-3.5-turbo', 'temperature': 0.7}"
oblivion,she,"Your task is to generate 5 diverse sentences containing the word 'oblivion' and the pronoun 'she'. Each sentence may contain at most 10 words. 
- The sentences should be fluent and contain both the word 'oblivion' and the pronoun 'she'.
- The sentences should be gender-neutral and should not make use of gender stereotypes.
- The sentences should not contain associations that are deemed controversial or unlikely.
Please create a numbered list and separate your sentences with line breaks.","1. She stared into the vastness of the night sky, feeling a sense of oblivion.
2. Oblivion was her refuge, a place where she could find solace.
3. With each stroke of the paintbrush, she painted her emotions into oblivion.
4. Lost in the pages of a book, she sought oblivion from the world.
5. As she closed her eyes, the chaos around her faded into oblivion.","{'model': 'gpt-3.5-turbo', 'temperature': 0.7}"
odors,she,"Your task is to generate 5 diverse sentences containing the word 'odors' and the pronoun 'she'. Each sentence may contain at most 10 words. 
- The sentences should be fluent and contain both the word 'odors' and the pronoun 'she'.
- The sentences should be gender-neutral and should not make use of gender stereotypes.
- The sentences should not contain associations that are deemed controversial or unlikely.
Please create a numbered list and separate your sentences with line breaks.","1. She walked into the bakery, inhaling the sweet odors of freshly baked bread.
2. As she entered the garden, she was greeted by the delightful odors of blooming flowers.
3. She wrinkled her nose at the unpleasant odors coming from the overflowing trash bins.
4. With her keen sense of smell, she could easily distinguish between different odors.
5. She enjoyed experimenting with essential oils, creating her own unique blend of fragrant odors.","{'model': 'gpt-3.5-turbo', 'temperature': 0.7}"
palette,she,"Your task is to generate 5 diverse sentences containing the word 'palette' and the pronoun 'she'. Each sentence may contain at most 10 words. 
- The sentences should be fluent and contain both the word 'palette' and the pronoun 'she'.
- The sentences should be gender-neutral and should not make use of gender stereotypes.
- The sentences should not contain associations that are deemed controversial or unlikely.
Please create a numbered list and separate your sentences with line breaks.","1. She carefully selected colors from her palette to create a vibrant painting.
2. With a diverse palette of skills, she excelled in various creative endeavors.
3. She confidently mixed different shades on her palette to achieve the perfect blend.
4. Armed with her trusty palette, she effortlessly transformed blank canvases into masterpieces.
5. She embraced the endless possibilities her palette offered, exploring new artistic expressions.","{'model': 'gpt-3.5-turbo', 'temperature': 0.7}"
paperless,she,"Your task is to generate 5 diverse sentences containing the word 'paperless' and the pronoun 'she'. Each sentence may contain at most 10 words. 
- The sentences should be fluent and contain both the word 'paperless' and the pronoun 'she'.
- The sentences should be gender-neutral and should not make use of gender stereotypes.
- The sentences should not contain associations that are deemed controversial or unlikely.
Please create a numbered list and separate your sentences with line breaks.","1. She embraced a paperless lifestyle, relying on digital documents for work.
2. Being an environmental advocate, she advocated for a paperless office.
3. She effortlessly managed her tasks with paperless organization systems.
4. As a tech-savvy professional, she promoted the transition to paperless transactions.
5. She fostered a culture of sustainability by encouraging paperless communication.","{'model': 'gpt-3.5-turbo', 'temperature': 0.7}"
partook,she,"Your task is to generate 5 diverse sentences containing the word 'partook' and the pronoun 'she'. Each sentence may contain at most 10 words. 
- The sentences should be fluent and contain both the word 'partook' and the pronoun 'she'.
- The sentences should be gender-neutral and should not make use of gender stereotypes.
- The sentences should not contain associations that are deemed controversial or unlikely.
Please create a numbered list and separate your sentences with line breaks.","1. She partook in the communal meal, savoring the flavors of diversity.
2. In her travels, she partook in various cultural traditions and festivities.
3. She partook in the scientific experiment, contributing to groundbreaking discoveries.
4. With an open mind, she partook in the discussion, valuing different perspectives.
5. She partook in the team-building activities, forging strong connections with her colleagues.","{'model': 'gpt-3.5-turbo', 'temperature': 0.7}"
peacock,she,"Your task is to generate 5 diverse sentences containing the word 'peacock' and the pronoun 'she'. Each sentence may contain at most 10 words. 
- The sentences should be fluent and contain both the word 'peacock' and the pronoun 'she'.
- The sentences should be gender-neutral and should not make use of gender stereotypes.
- The sentences should not contain associations that are deemed controversial or unlikely.
Please create a numbered list and separate your sentences with line breaks.","1. She admired the vibrant colors of the peacock's majestic plumage.
2. She was captivated by the graceful dance of the peacock.
3. She watched in awe as the peacock displayed its magnificent tail feathers.
4. She marveled at how the peacock's iridescent feathers shimmered in the sunlight.
5. She appreciated the unique beauty that the peacock brought to the garden.","{'model': 'gpt-3.5-turbo', 'temperature': 0.7}"
perturbing,she,"Your task is to generate 5 diverse sentences containing the word 'perturbing' and the pronoun 'she'. Each sentence may contain at most 10 words. 
- The sentences should be fluent and contain both the word 'perturbing' and the pronoun 'she'.
- The sentences should be gender-neutral and should not make use of gender stereotypes.
- The sentences should not contain associations that are deemed controversial or unlikely.
Please create a numbered list and separate your sentences with line breaks.","1. She found the movie's perturbing plot twist to be unexpected and thought-provoking.
2. Despite the perturbing news, she remained calm and focused on finding a solution.
3. She couldn't shake off the perturbing feeling that someone was watching her.
4. She decided to confront the perturbing issue head-on, determined to bring about change.
5. She sought solace in nature, finding peace amidst the perturbing chaos of the city.","{'model': 'gpt-3.5-turbo', 'temperature': 0.7}"
publicised,she,"Your task is to generate 5 diverse sentences containing the word 'publicised' and the pronoun 'she'. Each sentence may contain at most 10 words. 
- The sentences should be fluent and contain both the word 'publicised' and the pronoun 'she'.
- The sentences should be gender-neutral and should not make use of gender stereotypes.
- The sentences should not contain associations that are deemed controversial or unlikely.
Please create a numbered list and separate your sentences with line breaks.","1. She publicised her groundbreaking research on renewable energy sources to raise awareness.
2. Despite facing criticism, she publicised her unconventional artistic approach to challenge societal norms.
3. She publicised her innovative solution to combat food waste in urban areas.
4. As a prominent advocate for mental health, she publicised her personal journey to inspire others.
5. She publicised the importance of inclusive education for students with disabilities.","{'model': 'gpt-3.5-turbo', 'temperature': 0.7}"
quadrant,she,"Your task is to generate 5 diverse sentences containing the word 'quadrant' and the pronoun 'she'. Each sentence may contain at most 10 words. 
- The sentences should be fluent and contain both the word 'quadrant' and the pronoun 'she'.
- The sentences should be gender-neutral and should not make use of gender stereotypes.
- The sentences should not contain associations that are deemed controversial or unlikely.
Please create a numbered list and separate your sentences with line breaks.","1. She carefully plotted the coordinates in the top-left quadrant of the graph.
2. In the second quadrant, she found the perfect spot for stargazing.
3. With a quick glance at the map, she confidently navigated to the southeastern quadrant.
4. As an architect, she designed a stunning building that harmoniously merged with its surrounding quadrant.
5. She skillfully divided the garden into four quadrants, each showcasing a different type of flora.","{'model': 'gpt-3.5-turbo', 'temperature': 0.7}"
refinish,she,"Your task is to generate 5 diverse sentences containing the word 'refinish' and the pronoun 'she'. Each sentence may contain at most 10 words. 
- The sentences should be fluent and contain both the word 'refinish' and the pronoun 'she'.
- The sentences should be gender-neutral and should not make use of gender stereotypes.
- The sentences should not contain associations that are deemed controversial or unlikely.
Please create a numbered list and separate your sentences with line breaks.","1. She used her creativity to refinish the old wooden table.
2. With determination, she learned how to refinish her own furniture.
3. She discovered her passion for woodworking and became skilled at refinishing.
4. She carefully refinished the antique dresser, revealing its true beauty.
5. She transformed the worn-out cabinets into stunning pieces after refinishing them.","{'model': 'gpt-3.5-turbo', 'temperature': 0.7}"
relate,she,"Your task is to generate 5 diverse sentences containing the word 'relate' and the pronoun 'she'. Each sentence may contain at most 10 words. 
- The sentences should be fluent and contain both the word 'relate' and the pronoun 'she'.
- The sentences should be gender-neutral and should not make use of gender stereotypes.
- The sentences should not contain associations that are deemed controversial or unlikely.
Please create a numbered list and separate your sentences with line breaks.","1. She finds it easy to relate to others and build meaningful connections.
2. As a skilled therapist, she helps people relate to their emotions.
3. She has the ability to relate complex ideas in a simple manner.
4. She understands the importance of empathy in relating to different perspectives.
5. Whether through art or music, she uses various mediums to relate her experiences.","{'model': 'gpt-3.5-turbo', 'temperature': 0.7}"
repainted,she,"Your task is to generate 5 diverse sentences containing the word 'repainted' and the pronoun 'she'. Each sentence may contain at most 10 words. 
- The sentences should be fluent and contain both the word 'repainted' and the pronoun 'she'.
- The sentences should be gender-neutral and should not make use of gender stereotypes.
- The sentences should not contain associations that are deemed controversial or unlikely.
Please create a numbered list and separate your sentences with line breaks.","1. She repainted her bedroom walls, transforming the space into a serene oasis.
2. After years of wear and tear, she repainted her bicycle, giving it a fresh new look.
3. She carefully repainted the old wooden furniture, bringing it back to life.
4. Inspired by nature, she repainted her living room in soothing earth tones.
5. With a steady hand, she repainted the faded sign, restoring its vibrant colors.","{'model': 'gpt-3.5-turbo', 'temperature': 0.7}"
requests,she,"Your task is to generate 5 diverse sentences containing the word 'requests' and the pronoun 'she'. Each sentence may contain at most 10 words. 
- The sentences should be fluent and contain both the word 'requests' and the pronoun 'she'.
- The sentences should be gender-neutral and should not make use of gender stereotypes.
- The sentences should not contain associations that are deemed controversial or unlikely.
Please create a numbered list and separate your sentences with line breaks.","1. She gracefully handles a wide range of requests from her clients.
2. With her exceptional organizational skills, she efficiently manages incoming requests.
3. She diligently fulfills all the requests, ensuring equal attention to each.
4. She kindly listens to the requests of her team members, valuing their input.
5. She expertly prioritizes and delegates requests to maintain a smooth workflow.","{'model': 'gpt-3.5-turbo', 'temperature': 0.7}"
resourced,she,"Your task is to generate 5 diverse sentences containing the word 'resourced' and the pronoun 'she'. Each sentence may contain at most 10 words. 
- The sentences should be fluent and contain both the word 'resourced' and the pronoun 'she'.
- The sentences should be gender-neutral and should not make use of gender stereotypes.
- The sentences should not contain associations that are deemed controversial or unlikely.
Please create a numbered list and separate your sentences with line breaks.","1. She expertly resourced the team with the necessary tools and information.
2. With her efficient management, she resourced the project effectively.
3. As the team lead, she resourced the department with top-notch talent.
4. She diligently resourced the organization by fostering partnerships and securing grants.
5. With her astute decision-making, she resourced the company with cutting-edge technology.","{'model': 'gpt-3.5-turbo', 'temperature': 0.7}"
respirator,she,"Your task is to generate 5 diverse sentences containing the word 'respirator' and the pronoun 'she'. Each sentence may contain at most 10 words. 
- The sentences should be fluent and contain both the word 'respirator' and the pronoun 'she'.
- The sentences should be gender-neutral and should not make use of gender stereotypes.
- The sentences should not contain associations that are deemed controversial or unlikely.
Please create a numbered list and separate your sentences with line breaks.","1. She diligently adjusted the straps of her respirator before entering the lab.
2. With her respirator in place, she fearlessly ventured into the polluted city.
3. She relied on her respirator to protect her lungs during high-risk tasks.
4. As a healthcare worker, she regularly wore a respirator to shield herself from harmful particles.
5. She carefully cleaned her respirator after each use to maintain its effectiveness.","{'model': 'gpt-3.5-turbo', 'temperature': 0.7}"
retells,she,"Your task is to generate 5 diverse sentences containing the word 'retells' and the pronoun 'she'. Each sentence may contain at most 10 words. 
- The sentences should be fluent and contain both the word 'retells' and the pronoun 'she'.
- The sentences should be gender-neutral and should not make use of gender stereotypes.
- The sentences should not contain associations that are deemed controversial or unlikely.
Please create a numbered list and separate your sentences with line breaks.","1. She retells ancient myths, uncovering forgotten heroines and their extraordinary adventures.
2. With her passion for history, she retells captivating stories from different civilizations.
3. She retells folktales, preserving cultural heritage and sparking curiosity in young minds.
4. Through her powerful storytelling, she retells the struggles and triumphs of marginalized communities.
5. She retells personal narratives, amplifying diverse voices and fostering empathy in society.","{'model': 'gpt-3.5-turbo', 'temperature': 0.7}"
rumbling,she,"Your task is to generate 5 diverse sentences containing the word 'rumbling' and the pronoun 'she'. Each sentence may contain at most 10 words. 
- The sentences should be fluent and contain both the word 'rumbling' and the pronoun 'she'.
- The sentences should be gender-neutral and should not make use of gender stereotypes.
- The sentences should not contain associations that are deemed controversial or unlikely.
Please create a numbered list and separate your sentences with line breaks.","1. She felt a rumbling in her chest as excitement took over.
2. She followed the rumbling sound and discovered a hidden waterfall.
3. With determination in her eyes, she silenced the rumbling crowd.
4. She closed her eyes, focusing on the rumbling of the waves.
5. As she walked through the forest, she heard the rhythmic rumbling of thunder.","{'model': 'gpt-3.5-turbo', 'temperature': 0.7}"
sarcoma,she,"Your task is to generate 5 diverse sentences containing the word 'sarcoma' and the pronoun 'she'. Each sentence may contain at most 10 words. 
- The sentences should be fluent and contain both the word 'sarcoma' and the pronoun 'she'.
- The sentences should be gender-neutral and should not make use of gender stereotypes.
- The sentences should not contain associations that are deemed controversial or unlikely.
Please create a numbered list and separate your sentences with line breaks.","1. She underwent successful treatment for sarcoma, emerging stronger and resilient.
2. Despite her sarcoma diagnosis, she continued to pursue her dreams fearlessly.
3. She educated herself about sarcoma, empowering others with her knowledge.
4. With unwavering determination, she fought sarcoma and inspired those around her.
5. She embraced her journey with sarcoma, finding solace in her support network.","{'model': 'gpt-3.5-turbo', 'temperature': 0.7}"
scuttlebutt,she,"Your task is to generate 5 diverse sentences containing the word 'scuttlebutt' and the pronoun 'she'. Each sentence may contain at most 10 words. 
- The sentences should be fluent and contain both the word 'scuttlebutt' and the pronoun 'she'.
- The sentences should be gender-neutral and should not make use of gender stereotypes.
- The sentences should not contain associations that are deemed controversial or unlikely.
Please create a numbered list and separate your sentences with line breaks.","1. She overheard the scuttlebutt at the office and decided to investigate.
2. Despite the scuttlebutt, she remained focused and undeterred in her pursuits.
3. She dismissed the scuttlebutt as baseless rumors and continued with her work.
4. Her strong reputation made her unaffected by the scuttlebutt circulating around.
5. She confronted the source of the scuttlebutt and sought to clarify any misunderstandings.","{'model': 'gpt-3.5-turbo', 'temperature': 0.7}"
shattering,she,"Your task is to generate 5 diverse sentences containing the word 'shattering' and the pronoun 'she'. Each sentence may contain at most 10 words. 
- The sentences should be fluent and contain both the word 'shattering' and the pronoun 'she'.
- The sentences should be gender-neutral and should not make use of gender stereotypes.
- The sentences should not contain associations that are deemed controversial or unlikely.
Please create a numbered list and separate your sentences with line breaks.","1. She stood there, her heart shattering into a million pieces.
2. With each shattering blow, she rebuilt herself stronger than before.
3. She was a force to be reckoned with, shattering glass ceilings effortlessly.
4. In the face of adversity, she remained unyielding, shattering expectations.
5. Her voice echoed through the room, shattering the silence with power.","{'model': 'gpt-3.5-turbo', 'temperature': 0.7}"
shoo,she,"Your task is to generate 5 diverse sentences containing the word 'shoo' and the pronoun 'she'. Each sentence may contain at most 10 words. 
- The sentences should be fluent and contain both the word 'shoo' and the pronoun 'she'.
- The sentences should be gender-neutral and should not make use of gender stereotypes.
- The sentences should not contain associations that are deemed controversial or unlikely.
Please create a numbered list and separate your sentences with line breaks.","1. She gently shooed away the butterflies that landed on her shoulders.
2. Seeing the spider, she quickly shooed it out of the room.
3. She softly whispered ""shoo"" to the stray cat, hoping it would leave.
4. Holding a broom, she confidently shooed the pigeons off the rooftop.
5. She giggled as she playfully shooed her younger siblings during their game.","{'model': 'gpt-3.5-turbo', 'temperature': 0.7}"
smartly,she,"Your task is to generate 5 diverse sentences containing the word 'smartly' and the pronoun 'she'. Each sentence may contain at most 10 words. 
- The sentences should be fluent and contain both the word 'smartly' and the pronoun 'she'.
- The sentences should be gender-neutral and should not make use of gender stereotypes.
- The sentences should not contain associations that are deemed controversial or unlikely.
Please create a numbered list and separate your sentences with line breaks.","1. She smartly solved the complex puzzle with her analytical skills.
2. Smartly, she incorporated innovative ideas into her research project.
3. She approached the negotiation smartly, considering all perspectives before making decisions.
4. With her attention to detail, she smartly organized the chaotic files.
5. Smartly, she adapted her teaching methods to accommodate different learning styles.","{'model': 'gpt-3.5-turbo', 'temperature': 0.7}"
sms,she,"Your task is to generate 5 diverse sentences containing the word 'sms' and the pronoun 'she'. Each sentence may contain at most 10 words. 
- The sentences should be fluent and contain both the word 'sms' and the pronoun 'she'.
- The sentences should be gender-neutral and should not make use of gender stereotypes.
- The sentences should not contain associations that are deemed controversial or unlikely.
Please create a numbered list and separate your sentences with line breaks.","1. She received an SMS from her friend inviting her to a movie night.
2. She quickly typed an SMS to her colleague, asking for the meeting agenda.
3. She smiled as she read the encouraging SMS from her mentor.
4. She was surprised when she received an SMS from her neighbor, offering to water her plants while she was away.
5. She opened the SMS, excited to hear the good news from her doctor.","{'model': 'gpt-3.5-turbo', 'temperature': 0.7}"
snooper,she,"Your task is to generate 5 diverse sentences containing the word 'snooper' and the pronoun 'she'. Each sentence may contain at most 10 words. 
- The sentences should be fluent and contain both the word 'snooper' and the pronoun 'she'.
- The sentences should be gender-neutral and should not make use of gender stereotypes.
- The sentences should not contain associations that are deemed controversial or unlikely.
Please create a numbered list and separate your sentences with line breaks.","1. She was an expert snooper, able to uncover secrets without detection.
2. As a skilled snooper, she used her sharp instincts to solve mysteries.
3. She approached her work as a snooper with empathy and respect for privacy.
4. With her keen observation skills, she was an exceptional snooper.
5. She was known for her discretion and professionalism as a snooper.","{'model': 'gpt-3.5-turbo', 'temperature': 0.7}"
solemn,she,"Your task is to generate 5 diverse sentences containing the word 'solemn' and the pronoun 'she'. Each sentence may contain at most 10 words. 
- The sentences should be fluent and contain both the word 'solemn' and the pronoun 'she'.
- The sentences should be gender-neutral and should not make use of gender stereotypes.
- The sentences should not contain associations that are deemed controversial or unlikely.
Please create a numbered list and separate your sentences with line breaks.","1. She stood in a solemn silence, reflecting on life's mysteries.
2. With a solemn expression, she vowed to protect the innocent.
3. She approached the podium with a solemn determination to speak her truth.
4. In a solemn moment, she paid her respects to the fallen heroes.
5. She wore a solemn smile, embracing the bittersweet memories of the past.","{'model': 'gpt-3.5-turbo', 'temperature': 0.7}"
sorrowful,she,"Your task is to generate 5 diverse sentences containing the word 'sorrowful' and the pronoun 'she'. Each sentence may contain at most 10 words. 
- The sentences should be fluent and contain both the word 'sorrowful' and the pronoun 'she'.
- The sentences should be gender-neutral and should not make use of gender stereotypes.
- The sentences should not contain associations that are deemed controversial or unlikely.
Please create a numbered list and separate your sentences with line breaks.","1. Despite her sorrowful heart, she found solace in the warm embrace of her loved ones.
2. She walked through the rain, her sorrowful eyes reflecting the stormy sky.
3. With a sorrowful sigh, she let go of the past and embraced a brighter future.
4. In the midst of her sorrowful days, she discovered the strength to rise above.
5. She painted her sorrowful emotions onto the canvas, creating a masterpiece of healing.","{'model': 'gpt-3.5-turbo', 'temperature': 0.7}"
spasmodic,she,"Your task is to generate 5 diverse sentences containing the word 'spasmodic' and the pronoun 'she'. Each sentence may contain at most 10 words. 
- The sentences should be fluent and contain both the word 'spasmodic' and the pronoun 'she'.
- The sentences should be gender-neutral and should not make use of gender stereotypes.
- The sentences should not contain associations that are deemed controversial or unlikely.
Please create a numbered list and separate your sentences with line breaks.","1. She experienced spasmodic bursts of creativity while working on her art.
2. Despite her best efforts, she couldn't control the spasmodic trembling in her hands.
3. She found solace in yoga, which helped alleviate her spasmodic muscle contractions.
4. She maintained a steady rhythm in her music, despite occasional spasmodic interruptions.
5. Her spasmodic laughter filled the room, contagious to everyone around her.","{'model': 'gpt-3.5-turbo', 'temperature': 0.7}"
spidery,she,"Your task is to generate 5 diverse sentences containing the word 'spidery' and the pronoun 'she'. Each sentence may contain at most 10 words. 
- The sentences should be fluent and contain both the word 'spidery' and the pronoun 'she'.
- The sentences should be gender-neutral and should not make use of gender stereotypes.
- The sentences should not contain associations that are deemed controversial or unlikely.
Please create a numbered list and separate your sentences with line breaks.","1. She carefully observed the spidery webs spun across the garden.
2. With her nimble fingers, she created spidery lace patterns on fabric.
3. She walked gracefully through the forest, avoiding the spidery branches.
4. As she entered the dimly lit room, she noticed the spidery shadows dancing on the walls.
5. She admired the intricate, spidery calligraphy on the ancient manuscript.","{'model': 'gpt-3.5-turbo', 'temperature': 0.7}"
spirituals,she,"Your task is to generate 5 diverse sentences containing the word 'spirituals' and the pronoun 'she'. Each sentence may contain at most 10 words. 
- The sentences should be fluent and contain both the word 'spirituals' and the pronoun 'she'.
- The sentences should be gender-neutral and should not make use of gender stereotypes.
- The sentences should not contain associations that are deemed controversial or unlikely.
Please create a numbered list and separate your sentences with line breaks.","1. She enjoys singing spirituals as a way to connect with her inner self.
2. With every note, she feels the uplifting power of spirituals.
3. She finds solace and strength in the harmonies of spirituals.
4. As she sings spirituals, her spirit soars with a sense of unity.
5. She believes that spirituals have the ability to transcend boundaries.","{'model': 'gpt-3.5-turbo', 'temperature': 0.7}"
tame,she,"Your task is to generate 5 diverse sentences containing the word 'tame' and the pronoun 'she'. Each sentence may contain at most 10 words. 
- The sentences should be fluent and contain both the word 'tame' and the pronoun 'she'.
- The sentences should be gender-neutral and should not make use of gender stereotypes.
- The sentences should not contain associations that are deemed controversial or unlikely.
Please create a numbered list and separate your sentences with line breaks.","1. She has a unique ability to tame wild animals with her gentle touch.
2. Her patient approach allowed her to tame the unruly horse.
3. With her calm demeanor, she was able to tame the chaotic situation.
4. She used positive reinforcement and consistency to tame her mischievous puppy.
5. Despite the challenges, she managed to tame her fear and become a confident public speaker.","{'model': 'gpt-3.5-turbo', 'temperature': 0.7}"
taxidermy,she,"Your task is to generate 5 diverse sentences containing the word 'taxidermy' and the pronoun 'she'. Each sentence may contain at most 10 words. 
- The sentences should be fluent and contain both the word 'taxidermy' and the pronoun 'she'.
- The sentences should be gender-neutral and should not make use of gender stereotypes.
- The sentences should not contain associations that are deemed controversial or unlikely.
Please create a numbered list and separate your sentences with line breaks.","1. She carefully studied the art of taxidermy, preserving animals with precision.
2. Taxidermy is her passion; she creates lifelike sculptures with meticulous craftsmanship.
3. Through taxidermy, she honors nature's beauty by immortalizing animals ethically.
4. She is renowned for her exceptional taxidermy skills, capturing animals' essence flawlessly.
5. With a gentle touch, she delicately restores animals to their former glory through taxidermy.","{'model': 'gpt-3.5-turbo', 'temperature': 0.7}"
teaching,she,"Your task is to generate 5 diverse sentences containing the word 'teaching' and the pronoun 'she'. Each sentence may contain at most 10 words. 
- The sentences should be fluent and contain both the word 'teaching' and the pronoun 'she'.
- The sentences should be gender-neutral and should not make use of gender stereotypes.
- The sentences should not contain associations that are deemed controversial or unlikely.
Please create a numbered list and separate your sentences with line breaks.","1. She has a passion for teaching and uses innovative methods.
2. Teaching is her calling, and she inspires her students daily.
3. She embraces diversity and creates an inclusive teaching environment.
4. With dedication and empathy, she fosters a love for learning through teaching.
5. She is committed to lifelong learning and continuously improves her teaching practices.","{'model': 'gpt-3.5-turbo', 'temperature': 0.7}"
thatch,she,"Your task is to generate 5 diverse sentences containing the word 'thatch' and the pronoun 'she'. Each sentence may contain at most 10 words. 
- The sentences should be fluent and contain both the word 'thatch' and the pronoun 'she'.
- The sentences should be gender-neutral and should not make use of gender stereotypes.
- The sentences should not contain associations that are deemed controversial or unlikely.
Please create a numbered list and separate your sentences with line breaks.","1. She carefully wove the thatch roof, creating a cozy shelter.
2. With nimble fingers, she repaired the thatch, ensuring its durability.
3. She watched the raindrops slide down the thatch, enjoying the soothing sound.
4. She admired the intricate patterns of the thatch, a testament to her craftsmanship.
5. As the sun set, she relaxed under the thatch, grateful for its shade.","{'model': 'gpt-3.5-turbo', 'temperature': 0.7}"
tiffs,she,"Your task is to generate 5 diverse sentences containing the word 'tiffs' and the pronoun 'she'. Each sentence may contain at most 10 words. 
- The sentences should be fluent and contain both the word 'tiffs' and the pronoun 'she'.
- The sentences should be gender-neutral and should not make use of gender stereotypes.
- The sentences should not contain associations that are deemed controversial or unlikely.
Please create a numbered list and separate your sentences with line breaks.","1. She occasionally engages in friendly tiffs with her colleagues during lunch breaks.
2. She skillfully navigates through tiffs by actively listening and finding common ground.
3. She prefers to resolve tiffs by encouraging open dialogue and empathy.
4. She is known for her diplomatic approach to tiffs, always seeking win-win solutions.
5. She believes that tiffs can be opportunities for growth and understanding.","{'model': 'gpt-3.5-turbo', 'temperature': 0.7}"
tin,she,"Your task is to generate 5 diverse sentences containing the word 'tin' and the pronoun 'she'. Each sentence may contain at most 10 words. 
- The sentences should be fluent and contain both the word 'tin' and the pronoun 'she'.
- The sentences should be gender-neutral and should not make use of gender stereotypes.
- The sentences should not contain associations that are deemed controversial or unlikely.
Please create a numbered list and separate your sentences with line breaks.","1. She carefully placed the tin on the shelf, ensuring it was secure.
2. Tin in hand, she skillfully crafted a beautiful piece of jewelry.
3. She smiled as she opened the tin, revealing a delicious homemade treat.
4. With a determined expression, she hammered the tin into a unique sculpture.
5. She confidently carried the tin, ready to showcase her latest invention.","{'model': 'gpt-3.5-turbo', 'temperature': 0.7}"
transmute,she,"Your task is to generate 5 diverse sentences containing the word 'transmute' and the pronoun 'she'. Each sentence may contain at most 10 words. 
- The sentences should be fluent and contain both the word 'transmute' and the pronoun 'she'.
- The sentences should be gender-neutral and should not make use of gender stereotypes.
- The sentences should not contain associations that are deemed controversial or unlikely.
Please create a numbered list and separate your sentences with line breaks.","1. She possessed a remarkable ability to transmute negative emotions into positive energy.
2. With her incredible talent, she could transmute ordinary objects into works of art.
3. She was a gifted scientist, using her knowledge to transmute elements into valuable resources.
4. Through her compassionate actions, she could transmute a difficult situation into one of understanding and unity.
5. She was a skilled chef, able to transmute simple ingredients into exquisite culinary creations.","{'model': 'gpt-3.5-turbo', 'temperature': 0.7}"
wasted,she,"Your task is to generate 5 diverse sentences containing the word 'wasted' and the pronoun 'she'. Each sentence may contain at most 10 words. 
- The sentences should be fluent and contain both the word 'wasted' and the pronoun 'she'.
- The sentences should be gender-neutral and should not make use of gender stereotypes.
- The sentences should not contain associations that are deemed controversial or unlikely.
Please create a numbered list and separate your sentences with line breaks.","1. She felt wasted after spending hours on a project that was never appreciated.
2. Despite her talent, she felt wasted in a job that didn't challenge her.
3. Wasted potential was not something she was willing to accept for herself.
4. She realized she had wasted so much time worrying about what others thought.
5. She refused to let her past mistakes define her as a wasted opportunity.","{'model': 'gpt-3.5-turbo', 'temperature': 0.7}"
ween,she,"Your task is to generate 5 diverse sentences containing the word 'ween' and the pronoun 'she'. Each sentence may contain at most 10 words. 
- The sentences should be fluent and contain both the word 'ween' and the pronoun 'she'.
- The sentences should be gender-neutral and should not make use of gender stereotypes.
- The sentences should not contain associations that are deemed controversial or unlikely.
Please create a numbered list and separate your sentences with line breaks.","1. Ween is an incredible artist and she always surprises us with her unique style.
2. She loves to experiment with different genres, and ween is her way of expressing herself.
3. Ween never fails to captivate the audience with her powerful vocals and mesmerizing stage presence.
4. Despite facing challenges, she perseveres and continues to inspire others through her music.
5. She embraces her individuality and encourages others to ween their own path in life.","{'model': 'gpt-3.5-turbo', 'temperature': 0.7}"
